"STATION","DATE","LATITUDE","LONGITUDE","ELEVATION","NAME","TEMP","TEMP_ATTRIBUTES","DEWP","DEWP_ATTRIBUTES","SLP","SLP_ATTRIBUTES","STP","STP_ATTRIBUTES","VISIB","VISIB_ATTRIBUTES","WDSP","WDSP_ATTRIBUTES","MXSPD","GUST","MAX","MAX_ATTRIBUTES","MIN","MIN_ATTRIBUTES","PRCP","PRCP_ATTRIBUTES","SNDP","FRSHTT"
"72797094240","2024-01-01","47.93695","-124.55757","56.4","QUILLAYUTE AIRPORT, WA US","  41.6","24","  36.5","24","1022.0","19","014.6","24","  7.7","24","  2.0","24","  5.1","999.9","  52.0"," ","  33.1"," "," 0.02","G","999.9","100000"
"72797094240","2024-01-02","47.93695","-124.55757","56.4","QUILLAYUTE AIRPORT, WA US","  46.2","24","  40.6","24","1014.8","24","007.4","24","  9.9","24","  4.1","24","  8.9","999.9","  51.1"," ","  33.1"," "," 0.00","G","999.9","010000"
"72797094240","2024-01-03","47.93695","-124.55757","56.4","QUILLAYUTE AIRPORT, WA US","  51.0","24","  43.8","24","1010.7","20","003.7","24","  9.5","24","  4.6","23","  7.0","999.9","  53.1"," ","  44.1"," "," 0.20","G","999.9","010000"
"72797094240","2024-01-04","47.93695","-124.55757","56.4","QUILLAYUTE AIRPORT, WA US","  49.1","24","  43.6","24","1018.1","14","010.1","24","  8.5","24","  4.3","24","  9.9"," 17.1","  53.1"," ","  46.9"," "," 0.58","G","999.9","010000"
"72797094240","2024-01-05","47.93695","-124.55757","56.4","QUILLAYUTE AIRPORT, WA US","  46.0","24","  40.7","24","1022.8","17","015.3","24","  9.2","24","  5.0","24"," 15.0"," 31.1","  53.1"," ","  41.0"," "," 0.65","G","999.9","010000"
"72797094240","2024-01-06","47.93695","-124.55757","56.4","QUILLAYUTE AIRPORT, WA US","  46.5","24","  40.4","24","1008.9","18","001.9","24","  8.2","24","  6.9","24"," 15.9"," 34.0","  50.0"," ","  41.0"," "," 1.18","G","999.9","010000"
"72797094240","2024-01-07","47.93695","-124.55757","56.4","QUILLAYUTE AIRPORT, WA US","  39.1","24","  33.5","24","1014.8","20","007.0","24","  8.4","24","  3.8","24"," 15.0"," 26.0","  50.0"," ","  30.9"," "," 0.17","G","999.9","110000"
"72797094240","2024-01-08","47.93695","-124.55757","56.4","QUILLAYUTE AIRPORT, WA US","  41.8","24","  36.8","24","1016.5","20","008.5","24","  8.6","24","  5.3","24","  9.9"," 17.1","  46.9"," ","  30.9"," "," 0.03","G","999.9","010000"
"72797094240","2024-01-09","47.93695","-124.55757","56.4","QUILLAYUTE AIRPORT, WA US","  48.7","24","  41.9","24","1002.5","11","994.6","24","  7.8","24"," 18.2","24"," 29.9"," 55.9","  54.0"," ","  39.0"," "," 1.44","G","999.9","010000"
"72797094240","2024-01-10","47.93695","-124.55757","56.4","QUILLAYUTE AIRPORT, WA US","  43.8","24","  36.9","24","1003.7","21","996.0","24","  9.5","24","  6.4","24"," 17.1"," 29.9","  48.9"," ","  39.9"," "," 0.75","G","999.9","010000"
"72797094240","2024-01-11","47.93695","-124.55757","56.4","QUILLAYUTE AIRPORT, WA US","  42.3","24","  30.9","24","1010.4","22","002.8","24","  9.4","24","  7.6","24"," 19.0"," 29.9","  48.9"," ","  37.0"," "," 0.07","G","999.9","010000"
"72797094240","2024-01-12","47.93695","-124.55757","56.4","QUILLAYUTE AIRPORT, WA US","  27.9","24","  13.1","24","1017.3","24","009.7","24","  9.9","24"," 12.2","24"," 19.0"," 28.0","  46.9"," ","  19.9"," "," 0.01","G","999.9","001000"
"72797094240","2024-01-13","47.93695","-124.55757","56.4","QUILLAYUTE AIRPORT, WA US","  23.1","24","   7.1","24","1015.4","24","007.7","24"," 10.0","24"," 11.0","24"," 15.9"," 24.1","  32.0"," ","  19.0"," "," 0.00","G","999.9","000000"
"72797094240","2024-01-14","47.93695","-124.55757","56.4","QUILLAYUTE AIRPORT, WA US","  29.1","24","  17.9","24","1016.2","22","008.1","24"," 10.0","24","  3.2","24","  8.9","999.9","  39.0"," ","  19.9"," "," 0.00","G","999.9","000000"
"72797094240","2024-01-15","47.93695","-124.55757","56.4","QUILLAYUTE AIRPORT, WA US","  33.0","24","  22.4","24","1026.0","24","018.4","24"," 10.0","24","  4.2","24"," 11.1","999.9","  42.1"," ","  21.9"," "," 0.00","G","999.9","000000"
"72797094240","2024-01-16","47.93695","-124.55757","56.4","QUILLAYUTE AIRPORT, WA US","  33.0","24","  22.5","24","1018.7","24","011.2","24"," 10.0","24","  2.1","24","  8.9","999.9","  44.1"," ","  23.0"," "," 0.00","G","999.9","000000"
"72797094240","2024-01-17","47.93695","-124.55757","56.4","QUILLAYUTE AIRPORT, WA US","  39.6","24","  33.2","24","1002.5","13","993.3","24","  6.4","24","  4.2","24"," 13.0"," 18.1","  45.0"," ","  24.1"," "," 0.44","G","999.9","010000"
"72797094240","2024-01-18","47.93695","-124.55757","56.4","QUILLAYUTE AIRPORT, WA US","  39.2","24","  34.2","24","1013.5","18","005.6","24","  9.0","24","  4.4","24","  8.9","999.9","  45.0"," ","  35.1"," "," 0.91","G","999.9","010000"
"72797094240","2024-01-19","47.93695","-124.55757","56.4","QUILLAYUTE AIRPORT, WA US","  44.7","24","  40.0","24","1011.4","24","004.1","24","  8.6","24","  5.5","24","  8.0","999.9","  52.0"," ","  35.1"," "," 1.80","G","999.9","010000"
"72797094240","2024-01-20","47.93695","-124.55757","56.4","QUILLAYUTE AIRPORT, WA US","  44.1","24","  38.8","24","1003.3","24","995.9","24","  9.7","24","  3.0","24","  7.0","999.9","  52.0"," ","  37.0"," "," 0.60","G","999.9","000000"
"72797094240","2024-01-21","47.93695","-124.55757","56.4","QUILLAYUTE AIRPORT, WA US","  48.0","24","  43.2","24"," 995.9","17","988.4","24","  7.8","24","  5.1","23","  8.9"," 17.1","  55.0"," ","  37.0"," "," 0.25","G","999.9","010000"
"72797094240","2024-01-22","47.93695","-124.55757","56.4","QUILLAYUTE AIRPORT, WA US","  50.7","24","  46.7","24"," 994.7","14","988.6","24","  5.8","24","  5.9","24"," 12.0"," 21.0","  55.0"," ","  44.1"," "," 0.99","G","999.9","010000"
"72797094240","2024-01-23","47.93695","-124.55757","56.4","QUILLAYUTE AIRPORT, WA US","  50.7","24","  46.9","24","1006.8","10","000.2","24","  3.8","24","  4.2","24","  9.9","999.9","  52.0"," ","  48.9"," "," 0.62","G","999.9","010000"
"72797094240","2024-01-24","47.93695","-124.55757","56.4","QUILLAYUTE AIRPORT, WA US","  49.1","24","  44.7","24","1006.6","17","998.8","24","  8.3","24","  6.8","21"," 12.0"," 22.0","  54.0"," ","  46.0"," "," 0.44","G","999.9","010000"
"72797094240","2024-01-25","47.93695","-124.55757","56.4","QUILLAYUTE AIRPORT, WA US","  51.3","24","  47.4","24","1010.7","14","003.1","24","  5.8","24","  7.0","24"," 13.0"," 22.0","  54.0"," ","  46.0"," "," 1.07","G","999.9","010000"
"72797094240","2024-01-26","47.93695","-124.55757","56.4","QUILLAYUTE AIRPORT, WA US","  51.8","24","  46.3","24","1017.0","12","009.9","24","  8.3","24","  6.7","24"," 11.1"," 24.1","  55.0"," ","  50.0"," "," 0.54","G","999.9","010000"
"72797094240","2024-01-27","47.93695","-124.55757","56.4","QUILLAYUTE AIRPORT, WA US","  54.6","24","  50.8","24","1013.5","14","006.3","24","  6.7","24","  7.5","22"," 14.0"," 28.0","  57.0"," ","  50.0"," "," 0.99","G","999.9","010000"
"72797094240","2024-01-28","47.93695","-124.55757","56.4","QUILLAYUTE AIRPORT, WA US","  55.5","24","  51.7","24","1015.5","14","008.6","24","  5.6","24","  5.8","24"," 12.0"," 25.1","  59.0"," ","  53.1"," "," 3.17","G","999.9","010000"
"72797094240","2024-01-29","47.93695","-124.55757","56.4","QUILLAYUTE AIRPORT, WA US","  60.9","24","  50.9","24","1013.7","22","006.7","24","  9.9","24","  7.0","24"," 13.0"," 28.0","  66.9"," ","  53.1"," "," 0.23","G","999.9","010000"
"72797094240","2024-01-30","47.93695","-124.55757","56.4","QUILLAYUTE AIRPORT, WA US","  61.2"," 6","  51.5"," 6","1009.7"," 4","000.9"," 6","  9.8"," 6","  9.0"," 6"," 13.0"," 29.9","  66.9"," ","  55.9"," "," 0.03","G","999.9","010000"
"72797094240","2024-01-31","47.93695","-124.55757","56.4","QUILLAYUTE AIRPORT, WA US","  57.2","24","  51.4","24"," 995.0","13","990.2","24","  9.3","24","  7.5","24"," 12.0"," 35.0","  61.0"," ","  55.0"," "," 0.15","G","999.9","010000"
"72797094240","2024-02-01","47.93695","-124.55757","56.4","QUILLAYUTE AIRPORT, WA US","  55.1","24","  47.1","24"," 995.0","24","987.8","24","  9.9","24","  7.1","24"," 13.0"," 28.9","  60.1"," ","  52.0"," "," 0.66","G","999.9","010000"
"72797094240","2024-02-02","47.93695","-124.55757","56.4","QUILLAYUTE AIRPORT, WA US","  50.2","24","  45.3","24","1001.5","16","993.0","24","  8.1","24","  7.0","24"," 13.0"," 28.0","  59.0"," ","  48.0"," "," 0.82","G","999.9","010000"
"72797094240","2024-02-03","47.93695","-124.55757","56.4","QUILLAYUTE AIRPORT, WA US","  43.9","24","  38.4","24","1013.3","23","005.6","24"," 10.0","24","  2.5","24","  6.0","999.9","  54.0"," ","  36.0"," "," 0.42","G","999.9","010000"
"72797094240","2024-02-04","47.93695","-124.55757","56.4","QUILLAYUTE AIRPORT, WA US","  44.4","24","  37.4","24","1014.7","23","007.9","24","  9.7","24","  3.1","24"," 13.0"," 21.0","  55.0"," ","  36.0"," "," 0.00","G","999.9","000000"
"72797094240","2024-02-05","47.93695","-124.55757","56.4","QUILLAYUTE AIRPORT, WA US","  46.2","24","  34.0","24","1002.5","24","995.1","24"," 10.0","24","  6.2","24"," 11.1"," 17.1","  55.0"," ","  36.0"," "," 0.00","G","999.9","000000"
"72797094240","2024-02-06","47.93695","-124.55757","56.4","QUILLAYUTE AIRPORT, WA US","  40.4","24","  33.4","24","1007.1","21","999.9","24","  9.8","24","  2.5","24","  8.0","999.9","  53.1"," ","  30.0"," "," 0.00","G","999.9","000000"
"72797094240","2024-02-07","47.93695","-124.55757","56.4","QUILLAYUTE AIRPORT, WA US","  43.5","24","  37.4","24","1006.2","19","998.8","24","  9.6","24","  2.9","24","  7.0","999.9","  52.0"," ","  30.0"," "," 0.01","G","999.9","010000"
"72797094240","2024-02-08","47.93695","-124.55757","56.4","QUILLAYUTE AIRPORT, WA US","  41.8","24","  35.0","24","1013.2","21","005.6","24","  9.6","24","  2.9","24","  7.0","999.9","  52.0"," ","  36.0"," "," 0.00","G","999.9","000000"
"72797094240","2024-02-09","47.93695","-124.55757","56.4","QUILLAYUTE AIRPORT, WA US","  44.2","24","  37.5","24","1019.6","21","011.7","24","  9.8","24","  1.9","24","  7.0","999.9","  51.1"," ","  36.0"," "," 0.07","G","999.9","010000"
"72797094240","2024-02-10","47.93695","-124.55757","56.4","QUILLAYUTE AIRPORT, WA US","  45.9","24","  39.6","24","1023.1","22","015.5","24"," 10.0","24","  3.3","24","  6.0","999.9","  52.0"," ","  41.0"," "," 0.01","G","999.9","010000"
"72797094240","2024-02-11","47.93695","-124.55757","56.4","QUILLAYUTE AIRPORT, WA US","  49.4","24","  44.7","24","1017.8"," 8","008.8","24","  7.3","24","  5.2","24"," 12.0"," 20.0","  52.0"," ","  43.0"," "," 0.41","G","999.9","010000"
"72797094240","2024-02-12","47.93695","-124.55757","56.4","QUILLAYUTE AIRPORT, WA US","  49.4","24","  44.4","24","1017.6","13","009.7","24","  6.2","24","  4.7","24","  9.9"," 20.0","  55.0"," ","  46.9"," "," 0.90","G","999.9","010000"
"72797094240","2024-02-13","47.93695","-124.55757","56.4","QUILLAYUTE AIRPORT, WA US","  45.3","24","  38.5","24","1019.8","15","012.5","24"," 10.0","24","  1.7","24","  8.0","999.9","  55.0"," ","  34.0"," "," 0.06","G","999.9","000000"
"72797094240","2024-02-14","47.93695","-124.55757","56.4","QUILLAYUTE AIRPORT, WA US","  42.6","24","  31.2","24","1013.2","24","005.7","24"," 10.0","24","  5.6","24"," 15.9"," 24.1","  54.0"," ","  32.0"," "," 0.00","G","999.9","000000"
"72797094240","2024-02-15","47.93695","-124.55757","56.4","QUILLAYUTE AIRPORT, WA US","  43.9","24","  30.7","24","1010.4","23","002.3","24"," 10.0","24"," 11.7","24"," 21.0"," 38.1","  51.1"," ","  32.0"," "," 0.01","G","999.9","010000"
"72797094240","2024-02-16","47.93695","-124.55757","56.4","QUILLAYUTE AIRPORT, WA US","  44.0","24","  32.3","24","1020.1","23","012.6","24"," 10.0","24","  8.9","24"," 12.0"," 21.0","  48.9"," ","  39.0"," "," 0.00","A","999.9","000000"
"72797094240","2024-02-17","47.93695","-124.55757","56.4","QUILLAYUTE AIRPORT, WA US","  47.2","24","  35.4","24","1014.4","24","007.0","24"," 10.0","24","  6.2","24"," 12.0"," 17.1","  50.0"," ","  39.9"," "," 0.00","G","999.9","010000"
"72797094240","2024-02-18","47.93695","-124.55757","56.4","QUILLAYUTE AIRPORT, WA US","  46.4","24","  40.6","24","1008.4","22","001.0","24","  9.7","24","  1.9","24","  5.1","999.9","  53.1"," ","  43.0"," "," 0.23","G","999.9","010000"
"72797094240","2024-02-19","47.93695","-124.55757","56.4","QUILLAYUTE AIRPORT, WA US","  47.5","24","  40.9","24","1005.8","23","998.7","24","  9.4","24","  4.3","23"," 12.0"," 17.1","  53.1"," ","  41.0"," "," 0.07","G","999.9","010000"
"72797094240","2024-02-20","47.93695","-124.55757","56.4","QUILLAYUTE AIRPORT, WA US","  47.1","24","  42.4","24","1008.4","18","001.3","24","  8.3","24","  2.9","24","  8.0"," 17.1","  54.0"," ","  41.0"," "," 0.18","G","999.9","010000"
"72797094240","2024-02-21","47.93695","-124.55757","56.4","QUILLAYUTE AIRPORT, WA US","  50.3","24","  45.7","24","1010.1","19","003.0","24","  9.1","24","  3.6","24","  6.0","999.9","  54.0"," ","  41.0"," "," 0.31","G","999.9","010000"
"72797094240","2024-02-22","47.93695","-124.55757","56.4","QUILLAYUTE AIRPORT, WA US","  51.2","24","  46.3","24","1022.6","11","013.8","24","  8.3","24","  2.8","24","  7.0","999.9","  57.9"," ","  48.0"," "," 0.78","G","999.9","010000"
"72797094240","2024-02-23","47.93695","-124.55757","56.4","QUILLAYUTE AIRPORT, WA US","  45.4","24","  39.2","24","1027.3","19","019.7","24","  8.4","24","  2.8","23","  9.9","999.9","  59.0"," ","  34.0"," "," 0.34","G","999.9","100000"
"72797094240","2024-02-24","47.93695","-124.55757","56.4","QUILLAYUTE AIRPORT, WA US","  48.0","24","  43.1","24","1023.3","16","015.5","24","  8.4","24","  1.5","24","  8.0","999.9","  59.0"," ","  34.0"," "," 0.03","G","999.9","010000"
"72797094240","2024-02-25","47.93695","-124.55757","56.4","QUILLAYUTE AIRPORT, WA US","  48.9","24","  44.9","24","1013.8"," 6","006.3","24","  5.0","24","  8.2","24"," 18.1"," 34.0","  51.1"," ","  45.0"," "," 0.57","G","999.9","010000"
"72797094240","2024-02-26","47.93695","-124.55757","56.4","QUILLAYUTE AIRPORT, WA US","  40.4","24","  33.1","24","1009.6","17","002.0","24","  9.4","24","  5.9","24"," 15.9"," 26.0","  50.0"," ","  35.1"," "," 1.04","G","999.9","010000"
"72797094240","2024-02-27","47.93695","-124.55757","56.4","QUILLAYUTE AIRPORT, WA US","  40.6","24","  27.7","24","1014.8","21","007.6","24"," 10.0","24","  6.8","23"," 14.0"," 25.1","  46.9"," ","  34.0"," "," 0.09","G","999.9","010000"
"72797094240","2024-02-28","47.93695","-124.55757","56.4","QUILLAYUTE AIRPORT, WA US","  49.3","24","  45.3","24","1004.5","12","997.9","24","  4.5","24"," 10.6","24"," 18.1"," 35.9","  52.0"," ","  34.0"," "," 1.27","G","999.9","010000"
"72797094240","2024-02-29","47.93695","-124.55757","56.4","QUILLAYUTE AIRPORT, WA US","  42.3","24","  37.6","24"," 995.8","14","988.6","24","  8.2","24","  5.6","24"," 17.1"," 28.9","  52.0"," ","  37.0"," "," 1.62","G","999.9","010000"
"72797094240","2024-03-01","47.93695","-124.55757","56.4","QUILLAYUTE AIRPORT, WA US","  38.5","24","  33.9","24"," 995.4","15","988.1","24","  8.4","24","  6.4","24","  9.9"," 24.1","  42.1","*","  35.6","*"," 0.68","G","999.9","011000"
"72797094240","2024-03-02","47.93695","-124.55757","56.4","QUILLAYUTE AIRPORT, WA US","  38.6","24","  33.8","24"," 992.9","19","985.6","24","  8.9","24","  4.3","24"," 14.0"," 22.9","  44.1"," ","  36.0"," "," 0.46","G","999.9","011000"
"72797094240","2024-03-03","47.93695","-124.55757","56.4","QUILLAYUTE AIRPORT, WA US","  38.8","24","  34.1","24"," 999.4","11","992.1","24","  8.8","24","  5.3","24"," 12.0"," 18.1","  46.0"," ","  35.1"," "," 0.56","G","999.9","011000"
"72797094240","2024-03-04","47.93695","-124.55757","56.4","QUILLAYUTE AIRPORT, WA US","  38.6","24","  33.4","24","1008.3","14","001.3","24","  9.6","24","  3.4","24"," 12.0"," 15.0","  46.0"," ","  34.0"," "," 0.39","G","999.9","011000"
"72797094240","2024-03-05","47.93695","-124.55757","56.4","QUILLAYUTE AIRPORT, WA US","  37.6","24","  30.3","24","1015.4","22","007.7","24","  9.2","24","  3.2","23","  9.9","999.9","  48.9"," ","  28.9"," "," 0.04","G","999.9","010000"
"72797094240","2024-03-06","47.93695","-124.55757","56.4","QUILLAYUTE AIRPORT, WA US","  38.5","24","  30.9","24","1018.8","24","011.2","24"," 10.0","24","  2.9","24","  9.9","999.9","  48.9"," ","  28.9"," "," 0.01","G","999.9","011000"
"72797094240","2024-03-07","47.93695","-124.55757","56.4","QUILLAYUTE AIRPORT, WA US","  38.3","24","  29.8","24","1021.4","24","013.9","24"," 10.0","24","  3.5","24","  8.9","999.9","  53.1"," ","  28.9"," "," 0.00","H","999.9","010000"
"72797094240","2024-03-08","47.93695","-124.55757","56.4","QUILLAYUTE AIRPORT, WA US","  45.0","24","  37.8","24","1021.4","21","013.5","24","  9.9","24","  4.2","24","  8.9"," 15.9","  53.1"," ","  28.9"," "," 0.12","G","999.9","010000"
"72797094240","2024-03-09","47.93695","-124.55757","56.4","QUILLAYUTE AIRPORT, WA US","  48.7","24","  42.2","24","1008.4","19","000.1","24","  8.3","24"," 10.0","22"," 17.1"," 32.1","  52.0"," ","  42.1"," "," 0.39","G","999.9","010000"
"72797094240","2024-03-10","47.93695","-124.55757","56.4","QUILLAYUTE AIRPORT, WA US","  44.2","24","  39.0","24","1001.4","16","993.7","24","  7.4","24"," 10.7","24"," 17.1"," 36.9","  51.1"," ","  41.0"," "," 2.43","G","999.9","010010"
"72797094240","2024-03-11","47.93695","-124.55757","56.4","QUILLAYUTE AIRPORT, WA US","  44.8","24","  39.8","24","1005.6","16","998.4","24","  8.4","24","  5.9","23"," 14.0"," 28.0","  50.0"," ","  39.9"," "," 0.81","G","999.9","010000"
"72797094240","2024-03-12","47.93695","-124.55757","56.4","QUILLAYUTE AIRPORT, WA US","  46.4","24","  40.7","24","1005.4","13","997.6","24","  7.6","24","  7.3","24"," 15.0"," 33.0","  52.0"," ","  39.9"," "," 1.49","G","999.9","010000"
"72797094240","2024-03-13","47.93695","-124.55757","56.4","QUILLAYUTE AIRPORT, WA US","  44.2","24","  37.3","24","1026.2","23","018.1","24","  9.9","24","  3.6","24","  9.9","999.9","  55.0"," ","  37.9"," "," 0.10","G","999.9","010000"
"72797094240","2024-03-14","47.93695","-124.55757","56.4","QUILLAYUTE AIRPORT, WA US","  42.5","20","  35.7","20","1032.8","20","025.2","20"," 10.0","20","  2.2","20","  7.0","999.9","  55.9","*","  34.0","*"," 0.00","G","999.9","000000"
"72797094240","2024-03-15","47.93695","-124.55757","56.4","QUILLAYUTE AIRPORT, WA US","  50.0","24","  38.2","24","1024.3","20","017.6","24"," 10.0","24","  2.7","24","  7.0","999.9","  73.0"," ","  33.1"," "," 0.00","G","999.9","000000"
"72797094240","2024-03-16","47.93695","-124.55757","56.4","QUILLAYUTE AIRPORT, WA US","  57.6","24","  41.2","24","1016.3","24","008.9","24"," 10.0","24","  3.9","24","  7.0","999.9","  80.1"," ","  36.0"," "," 0.00","G","999.9","000000"
"72797094240","2024-03-17","47.93695","-124.55757","56.4","QUILLAYUTE AIRPORT, WA US","  53.8","24","  40.9","24","1020.2","20","013.5","24"," 10.0","24","  3.4","24","  9.9","999.9","  80.1"," ","  37.0"," "," 0.00","G","999.9","000000"
"72797094240","2024-03-18","47.93695","-124.55757","56.4","QUILLAYUTE AIRPORT, WA US","  51.5","24","  43.8","24","1022.6","21","015.4","24","  8.6","24","  4.4","24","  8.9","999.9","  66.9"," ","  37.0"," "," 0.00","G","999.9","000000"
"72797094240","2024-03-19","47.93695","-124.55757","56.4","QUILLAYUTE AIRPORT, WA US","  46.4","24","  40.1","24","1018.0","18","010.4","24","  7.6","24","  2.2","24","  8.0","999.9","  66.9"," ","  34.0"," "," 0.00","G","999.9","100000"
"72797094240","2024-03-20","47.93695","-124.55757","56.4","QUILLAYUTE AIRPORT, WA US","  49.8","24","  42.5","24","1015.7","19","008.2","24","  9.2","24","  4.6","24","  8.9"," 15.9","  54.0"," ","  34.0"," "," 0.00","G","999.9","010000"
"72797094240","2024-03-21","47.93695","-124.55757","56.4","QUILLAYUTE AIRPORT, WA US","  51.2","24","  44.4","24","1015.9","17","008.5","24","  9.5","24","  2.8","24","  8.0","999.9","  62.1"," ","  46.9"," "," 0.09","G","999.9","010000"
"72797094240","2024-03-22","47.93695","-124.55757","56.4","QUILLAYUTE AIRPORT, WA US","  53.5","24","  48.3","24","1012.6","16","005.6","24","  8.9","24","  3.6","24","  8.0","999.9","  62.1"," ","  46.9"," "," 0.28","G","999.9","010000"
"72797094240","2024-03-23","47.93695","-124.55757","56.4","QUILLAYUTE AIRPORT, WA US","  51.5","24","  45.5","24","1002.8","15","995.5","24","  9.1","24","  3.0","24","  8.0","999.9","  59.0"," ","  46.0"," "," 0.77","G","999.9","010000"
"72797094240","2024-03-24","47.93695","-124.55757","56.4","QUILLAYUTE AIRPORT, WA US","  49.2","24","  42.6","24","1005.7","16","998.6","24","  9.4","24","  3.5","24","  8.0","999.9","  60.1"," ","  42.1"," "," 0.01","G","999.9","010000"
"72797094240","2024-03-25","47.93695","-124.55757","56.4","QUILLAYUTE AIRPORT, WA US","  49.9","24","  43.7","24","1011.1","16","003.8","24","  9.7","24","  3.6","24","  8.0","999.9","  60.1"," ","  42.1"," "," 0.00","G","999.9","010000"
"72797094240","2024-03-26","47.93695","-124.55757","56.4","QUILLAYUTE AIRPORT, WA US","  49.3","24","  42.7","24","1014.1","16","006.7","24","  9.0","24","  3.4","24"," 11.1"," 17.1","  57.9","*","  42.8","*"," 0.19","G","999.9","010000"
"72797094240","2024-03-27","47.93695","-124.55757","56.4","QUILLAYUTE AIRPORT, WA US","  50.8","24","  42.9","24","1006.1","17","998.9","24","  9.2","24","  7.0","24"," 13.0"," 26.0","  59.0"," ","  43.0"," "," 0.20","G","999.9","010000"
"72797094240","2024-03-28","47.93695","-124.55757","56.4","QUILLAYUTE AIRPORT, WA US","  46.8","20","  40.5","20","1002.7","17","995.5","20","  9.2","20","  8.3","19"," 14.0"," 27.0","  53.1","*","  45.0","*"," 0.58","G","999.9","010000"
"72797094240","2024-03-29","47.93695","-124.55757","56.4","QUILLAYUTE AIRPORT, WA US","  51.7","11","  43.3","11","9999.9"," 0","005.1","11"," 10.0","11","  4.2","11","  8.9","999.9","  57.0","*","  44.1","*"," 0.56","G","999.9","010000"
"72797094240","2024-03-30","47.93695","-124.55757","56.4","QUILLAYUTE AIRPORT, WA US","  48.5","24","  40.6","24","1014.6","23","007.1","24"," 10.0","24","  5.7","24","  9.9","999.9","  57.9","*","  39.9","*"," 0.02","G","999.9","000000"
"72797094240","2024-03-31","47.93695","-124.55757","56.4","QUILLAYUTE AIRPORT, WA US","  49.6","24","  39.5","24","1014.3","22","006.7","24"," 10.0","24","  4.3","23"," 11.1"," 17.1","  62.1","*","  37.9","*"," 0.00","G","999.9","000000"
"72797094240","2024-04-01","47.93695","-124.55757","56.4","QUILLAYUTE AIRPORT, WA US","  50.0","24","  42.6","24","1019.1","16","012.4","24","  9.6","24","  2.3","23","  8.9","999.9","  57.9","*","  42.1","*"," 0.00","G","999.9","010000"
"72797094240","2024-04-02","47.93695","-124.55757","56.4","QUILLAYUTE AIRPORT, WA US","  53.3"," 9","  47.3"," 9","1022.7"," 7","999.9"," 0","  6.4"," 9","  6.0"," 9"," 12.0"," 18.1","  60.1"," ","  42.1"," "," 0.26","B","999.9","010000"
"72797094240","2024-04-03","47.93695","-124.55757","56.4","QUILLAYUTE AIRPORT, WA US","  46.0","24","  38.4","24","1022.0","23","999.9"," 0","  8.9","24","  4.4","24"," 12.0"," 20.0","  55.0"," ","  37.9"," "," 0.70","G","999.9","010000"
"72797094240","2024-04-04","47.93695","-124.55757","56.4","QUILLAYUTE AIRPORT, WA US","  44.5","24","  34.5","24","1013.9","24","999.9"," 0"," 10.0","24","  4.3","24","  9.9"," 17.1","  57.0"," ","  33.1"," "," 0.01","G","999.9","010000"
"72797094240","2024-04-05","47.93695","-124.55757","56.4","QUILLAYUTE AIRPORT, WA US","  46.9","24","  34.9","24","1008.7","24","999.9"," 0"," 10.0","24","  4.5","24"," 11.1"," 18.1","  62.1"," ","  33.1"," "," 0.00","G","999.9","000000"
"72797094240","2024-04-06","47.93695","-124.55757","56.4","QUILLAYUTE AIRPORT, WA US","  47.1","24","  38.8","24","1015.4","22","999.9"," 0"," 10.0","24","  3.8","24","  8.9"," 15.0","  62.1"," ","  35.1"," "," 0.09","B","999.9","010000"
"72797094240","2024-04-07","47.93695","-124.55757","56.4","QUILLAYUTE AIRPORT, WA US","  48.6","24","  42.7","24","1022.1","10","999.9"," 0","  8.3","24","  3.5","24","  8.9","999.9","  55.9"," ","  39.9"," "," 0.34","G","999.9","010000"
"72797094240","2024-04-08","47.93695","-124.55757","56.4","QUILLAYUTE AIRPORT, WA US","  48.7","24","  42.3","24","1021.1","15","999.9"," 0","  7.4","24","  6.0","24"," 12.0"," 22.0","  55.0"," ","  46.0"," "," 0.21","G","999.9","010000"
"72797094240","2024-04-09","47.93695","-124.55757","56.4","QUILLAYUTE AIRPORT, WA US","  51.6","24","  44.4","24","1022.7","16","999.9"," 0","  7.7","24","  6.2","24"," 14.0"," 25.1","  57.9"," ","  45.0"," "," 2.35","G","999.9","110000"
"72797094240","2024-04-10","47.93695","-124.55757","56.4","QUILLAYUTE AIRPORT, WA US","  46.2","22","  36.7","22","1027.8","21","999.9"," 0"," 10.0","22","  2.5","22","  8.9","999.9","  60.1"," ","  35.1"," "," 0.00","G","999.9","000000"
"72797094240","2024-04-11","47.93695","-124.55757","56.4","QUILLAYUTE AIRPORT, WA US","  47.6","24","  40.8","24","1020.5","18","999.9"," 0","  8.7","24","  3.2","24","  9.9"," 18.1","  60.1"," ","  35.1"," "," 0.97","B","999.9","010000"
"72797094240","2024-04-12","47.93695","-124.55757","56.4","QUILLAYUTE AIRPORT, WA US","  49.3","24","  41.4","24","1011.5","21","999.9"," 0","  8.8","24","  2.5","24","  8.0"," 15.0","  63.0"," ","  39.9"," "," 0.18","A","999.9","010000"
"72797094240","2024-04-13","47.93695","-124.55757","56.4","QUILLAYUTE AIRPORT, WA US","  51.4","24","  40.2","24","1012.2","24","999.9"," 0"," 10.0","24","  5.5","24"," 11.1"," 18.1","  68.0"," ","  36.0"," "," 0.00","I","999.9","000000"
"72797094240","2024-04-14","47.93695","-124.55757","56.4","QUILLAYUTE AIRPORT, WA US","  49.7","24","  41.1","24","1016.0","21","999.9"," 0","  9.3","24","  3.7","24"," 14.0"," 21.0","  68.0"," ","  36.0"," "," 0.00","I","999.9","000000"
"72797094240","2024-04-15","47.93695","-124.55757","56.4","QUILLAYUTE AIRPORT, WA US","  50.8","24","  38.9","24","1023.5","21","999.9"," 0"," 10.0","24","  7.7","23"," 14.0"," 21.0","  57.9"," ","  39.9"," "," 0.00","H","999.9","010000"
"72797094240","2024-04-16","47.93695","-124.55757","56.4","QUILLAYUTE AIRPORT, WA US","  46.7","24","  35.8","24","1027.8","24","999.9"," 0"," 10.0","24","  5.2","24"," 14.0"," 19.0","  55.0"," ","  37.9"," "," 0.00","H","999.9","010000"
"72797094240","2024-04-17","47.93695","-124.55757","56.4","QUILLAYUTE AIRPORT, WA US","  47.9","24","  33.7","24","1030.1","23","999.9"," 0"," 10.0","24","  4.3","24"," 14.0"," 19.0","  64.9"," ","  34.0"," "," 0.00","I","999.9","000000"
"72797094240","2024-04-18","47.93695","-124.55757","56.4","QUILLAYUTE AIRPORT, WA US","  51.8","24","  27.5","24","1026.9","24","999.9"," 0"," 10.0","24","  7.5","24"," 17.1"," 28.9","  66.9"," ","  34.0"," "," 0.00","I","999.9","000000"
"72797094240","2024-04-19","47.93695","-124.55757","56.4","QUILLAYUTE AIRPORT, WA US","  56.0","24","  25.7","24","1021.3","24","999.9"," 0"," 10.0","24","  7.1","24"," 17.1"," 24.1","  70.0"," ","  35.1"," "," 0.00","I","999.9","000000"
"72797094240","2024-04-20","47.93695","-124.55757","56.4","QUILLAYUTE AIRPORT, WA US","  54.8","24","  33.5","24","1015.1","24","999.9"," 0","  9.8","24","  6.3","24"," 14.0"," 28.9","  70.0"," ","  39.9"," "," 0.12","A","999.9","010000"
"72797094240","2024-04-21","47.93695","-124.55757","56.4","QUILLAYUTE AIRPORT, WA US","  50.0","24","  41.0","24","1024.8","20","999.9"," 0","  9.5","24","  6.5","24"," 13.0"," 22.0","  70.0"," ","  42.1"," "," 0.11","C","999.9","010000"
"72797094240","2024-04-22","47.93695","-124.55757","56.4","QUILLAYUTE AIRPORT, WA US","  48.3","24","  36.9","24","1024.5","24","999.9"," 0"," 10.0","24","  3.1","24","  9.9","999.9","  66.9"," ","  34.0"," "," 0.00","I","999.9","000000"
"72797094240","2024-04-23","47.93695","-124.55757","56.4","QUILLAYUTE AIRPORT, WA US","  52.0","24","  37.2","24","1016.0","24","999.9"," 0"," 10.0","24","  4.6","24"," 13.0","999.9","  66.9"," ","  34.0"," "," 0.00","I","999.9","000000"
"72797094240","2024-04-24","47.93695","-124.55757","56.4","QUILLAYUTE AIRPORT, WA US","  51.7","24","  42.7","24","1016.9","16","999.9"," 0","  9.4","24","  2.9","24","  9.9","999.9","  63.0"," ","  36.0"," "," 0.04","G","999.9","010000"
"72797094240","2024-04-25","47.93695","-124.55757","56.4","QUILLAYUTE AIRPORT, WA US","  52.2","24","  45.7","24","1012.3","17","999.9"," 0","  6.9","24","  5.0","24","  9.9"," 20.0","  59.0"," ","  48.0"," "," 0.36","G","999.9","010000"
"72797094240","2024-04-26","47.93695","-124.55757","56.4","QUILLAYUTE AIRPORT, WA US","  54.0","24","  49.0","24","1009.1"," 9","999.9"," 0","  7.4","24","  4.2","24","  9.9","999.9","  62.1"," ","  48.9"," "," 1.70","G","999.9","010000"
"72797094240","2024-04-27","47.93695","-124.55757","56.4","QUILLAYUTE AIRPORT, WA US","  52.2","24","  46.6","24","1013.3","12","999.9"," 0","  7.6","24","  4.7","24"," 11.1"," 22.0","  62.1"," ","  50.0"," "," 0.09","G","999.9","010000"
"72797094240","2024-04-28","47.93695","-124.55757","56.4","QUILLAYUTE AIRPORT, WA US","  50.8","24","  45.2","24","1016.4","16","999.9"," 0","  8.5","24","  6.1","24"," 15.0"," 22.9","  55.0"," ","  46.9"," "," 0.62","G","999.9","010000"
"72797094240","2024-04-29","47.93695","-124.55757","56.4","QUILLAYUTE AIRPORT, WA US","  47.0","24","  39.6","24","1017.9","19","999.9"," 0","  9.8","24","  3.7","24"," 12.0"," 18.1","  57.9"," ","  39.9"," "," 0.29","G","999.9","010000"
"72797094240","2024-04-30","47.93695","-124.55757","56.4","QUILLAYUTE AIRPORT, WA US","  47.9","22","  39.2","22","1018.1","18","999.9"," 0","  9.7","22","  5.7","22"," 13.0"," 20.0","  57.9"," ","  39.9"," "," 0.48","G","999.9","010000"
"72797094240","2024-05-01","47.93695","-124.55757","56.4","QUILLAYUTE AIRPORT, WA US","  49.2","24","  38.0","24","1022.6","24","015.1","23"," 10.0","24","  4.4","23"," 11.1"," 20.0","  59.0","*","  39.9","*"," 0.02","G","999.9","000000"
"72797094240","2024-05-02","47.93695","-124.55757","56.4","QUILLAYUTE AIRPORT, WA US","  52.3","24","  38.9","24","1017.8","24","010.3","24"," 10.0","24","  4.3","24"," 12.0"," 18.1","  70.0"," ","  37.0"," "," 0.00","G","999.9","000000"
"72797094240","2024-05-03","47.93695","-124.55757","56.4","QUILLAYUTE AIRPORT, WA US","  52.4","24","  40.9","24","1014.3","24","006.9","24"," 10.0","24","  4.1","24","  9.9"," 19.0","  70.0"," ","  37.0"," "," 0.00","G","999.9","010000"
"72797094240","2024-05-04","47.93695","-124.55757","56.4","QUILLAYUTE AIRPORT, WA US","  52.5","24","  47.1","24","1002.9","14","995.9","24","  9.5","24","  3.9","24","  8.0"," 15.0","  64.9"," ","  39.0"," "," 0.52","G","999.9","010000"
"72797094240","2024-05-05","47.93695","-124.55757","56.4","QUILLAYUTE AIRPORT, WA US","  53.1","24","  48.1","24","1004.9","14","998.2","24","  8.1","24","  3.2","24"," 12.0"," 18.1","  55.9"," ","  50.0"," "," 0.14","G","999.9","010000"
"72797094240","2024-05-06","47.93695","-124.55757","56.4","QUILLAYUTE AIRPORT, WA US","  50.9","24","  44.3","24","1010.5","11","003.0","24","  8.3","24","  6.6","24"," 15.0"," 24.1","  57.9"," ","  46.0"," "," 0.57","G","999.9","010000"
"72797094240","2024-05-07","47.93695","-124.55757","56.4","QUILLAYUTE AIRPORT, WA US","  49.6","24","  41.2","24","1021.6","18","013.3","24","  8.6","24","  4.5","24"," 12.0"," 17.1","  57.9"," ","  42.1"," "," 0.25","G","999.9","010000"
"72797094240","2024-05-08","47.93695","-124.55757","56.4","QUILLAYUTE AIRPORT, WA US","  50.5","24","  40.9","24","1030.2","21","022.8","24"," 10.0","24","  4.1","24"," 13.0"," 19.0","  63.0"," ","  39.0"," "," 0.02","G","999.9","000000"
"72797094240","2024-05-09","47.93695","-124.55757","56.4","QUILLAYUTE AIRPORT, WA US","  56.8","24","  46.4","24","1027.8","23","020.6","24","  8.9","24","  4.8","24"," 12.0"," 22.0","  82.0"," ","  39.0"," "," 0.00","G","999.9","100000"
"72797094240","2024-05-10","47.93695","-124.55757","56.4","QUILLAYUTE AIRPORT, WA US","  67.7","24","  44.9","24","1020.9","24","013.5","24"," 10.0","24","  4.7","24"," 12.0"," 20.0","  84.0"," ","  44.1"," "," 0.00","G","999.9","000000"
"72797094240","2024-05-11","47.93695","-124.55757","56.4","QUILLAYUTE AIRPORT, WA US","  65.1","24","  48.9","24","1014.7","24","007.5","24"," 10.0","24","  3.5","24","  8.9","999.9","  84.0"," ","  46.9"," "," 0.00","G","999.9","000000"
"72797094240","2024-05-12","47.93695","-124.55757","56.4","QUILLAYUTE AIRPORT, WA US","  57.8","24","  47.4","24","1015.8","23","008.4","24"," 10.0","24","  3.6","24"," 12.0"," 14.0","  75.9"," ","  46.0"," "," 0.00","G","999.9","000000"
"72797094240","2024-05-13","47.93695","-124.55757","56.4","QUILLAYUTE AIRPORT, WA US","  57.2","24","  50.4","24","1018.9","12","011.5","24","  7.4","24","  4.2","24"," 12.0"," 19.0","  66.9"," ","  46.0"," "," 0.02","G","999.9","010000"
"72797094240","2024-05-14","47.93695","-124.55757","56.4","QUILLAYUTE AIRPORT, WA US","  56.3","24","  46.6","24","1022.6","24","015.2","24"," 10.0","24","  4.3","24"," 11.1"," 20.0","  70.0"," ","  46.0"," "," 0.01","G","999.9","000000"
"72797094240","2024-05-15","47.93695","-124.55757","56.4","QUILLAYUTE AIRPORT, WA US","  58.2","24","  49.8","24","1022.8","21","015.4","24","  9.5","24","  5.7","24"," 12.0"," 18.1","  70.0"," ","  46.0"," "," 0.00","G","999.9","000000"
"72797094240","2024-05-16","47.93695","-124.55757","56.4","QUILLAYUTE AIRPORT, WA US","  55.6","24","  50.4","24","1017.7","10","010.0","24","  4.5","24","  4.6","24"," 13.0"," 21.0","  64.9"," ","  53.1"," "," 0.01","G","999.9","010000"
"72797094240","2024-05-17","47.93695","-124.55757","56.4","QUILLAYUTE AIRPORT, WA US","  53.7","24","  44.6","24","1018.5","17","011.3","24","  9.7","24","  6.2","24"," 13.0"," 19.0","  59.0"," ","  48.0"," "," 0.44","G","999.9","010000"
"72797094240","2024-05-18","47.93695","-124.55757","56.4","QUILLAYUTE AIRPORT, WA US","  52.9","24","  44.5","24","1020.8","20","013.2","24"," 10.0","24","  5.0","24"," 13.0"," 21.0","  59.0"," ","  48.0"," "," 0.00","G","999.9","010000"
"72797094240","2024-05-19","47.93695","-124.55757","56.4","QUILLAYUTE AIRPORT, WA US","  53.8","24","  44.0","24","1022.4","21","015.2","24"," 10.0","24","  3.7","24"," 12.0"," 17.1","  62.1"," ","  46.0"," "," 0.04","G","999.9","010000"
"72797094240","2024-05-20","47.93695","-124.55757","56.4","QUILLAYUTE AIRPORT, WA US","  53.6","24","  43.3","24","1025.7","23","018.3","24"," 10.0","24","  4.1","24"," 12.0"," 22.0","  62.1"," ","  46.0"," "," 0.00","G","999.9","000000"
"72797094240","2024-05-21","47.93695","-124.55757","56.4","QUILLAYUTE AIRPORT, WA US","  54.6","24","  48.3","24","1020.6","16","013.2","24","  4.5","24","  4.1","24","  8.9"," 19.0","  61.0"," ","  48.0"," "," 0.15","G","999.9","010000"
"72797094240","2024-05-22","47.93695","-124.55757","56.4","QUILLAYUTE AIRPORT, WA US","  55.7","24","  44.3","24","1013.5","20","005.9","24","  9.4","24","  7.0","24"," 12.0"," 21.0","  66.9"," ","  51.1"," "," 1.48","G","999.9","010000"
"72797094240","2024-05-23","47.93695","-124.55757","56.4","QUILLAYUTE AIRPORT, WA US","  56.6","24","  46.0","24","1019.3","19","012.0","24","  9.9","24","  3.9","24","  9.9"," 15.0","  66.9"," ","  48.9"," "," 0.00","G","999.9","000000"
"72797094240","2024-05-24","47.93695","-124.55757","56.4","QUILLAYUTE AIRPORT, WA US","  54.3","24","  47.1","24","1015.1","20","007.2","24","  8.3","24","  3.5","24"," 11.1"," 17.1","  64.0"," ","  51.1"," "," 0.00","G","999.9","010000"
"72797094240","2024-05-25","47.93695","-124.55757","56.4","QUILLAYUTE AIRPORT, WA US","  53.5","24","  45.1","24","1012.6","19","005.3","24","  9.5","24","  6.4","24"," 13.0"," 18.1","  57.9"," ","  50.0"," "," 0.10","G","999.9","010000"
"72797094240","2024-05-26","47.93695","-124.55757","56.4","QUILLAYUTE AIRPORT, WA US","  53.2","24","  47.5","24","1018.3","15","010.8","24","  6.1","24","  4.5","24","  8.0"," 15.9","  57.9"," ","  50.0"," "," 0.26","G","999.9","010000"
"72797094240","2024-05-27","47.93695","-124.55757","56.4","QUILLAYUTE AIRPORT, WA US","  56.6","24","  49.6","24","1020.6","14","012.9","24","  6.3","24","  5.1","24","  8.0","999.9","  64.9"," ","  51.1"," "," 0.83","G","999.9","010000"
"72797094240","2024-05-28","47.93695","-124.55757","56.4","QUILLAYUTE AIRPORT, WA US","  56.3","24","  48.0","24","1019.4","16","011.9","24","  9.2","24","  3.6","24"," 11.1"," 18.1","  64.9"," ","  53.1"," "," 0.08","G","999.9","010000"
"72797094240","2024-05-29","47.93695","-124.55757","56.4","QUILLAYUTE AIRPORT, WA US","  55.1","24","  45.9","24","1024.8","15","016.8","24"," 10.0","24","  4.9","24"," 12.0"," 19.0","  63.0"," ","  48.0"," "," 0.31","G","999.9","010000"
"72797094240","2024-05-30","47.93695","-124.55757","56.4","QUILLAYUTE AIRPORT, WA US","  54.0","24","  43.2","24","1029.6","23","022.1","24"," 10.0","24","  4.1","24"," 12.0"," 19.0","  63.0"," ","  44.1"," "," 0.00","G","999.9","000000"
"72797094240","2024-05-31","47.93695","-124.55757","56.4","QUILLAYUTE AIRPORT, WA US","  56.0","24","  45.7","24","1024.2","23","017.2","24"," 10.0","24","  4.3","24","  9.9"," 15.9","  66.9"," ","  44.1"," "," 0.00","G","999.9","000000"
"72797094240","2024-06-01","47.93695","-124.55757","56.4","QUILLAYUTE AIRPORT, WA US","  56.8","24","  49.5","24","1016.2","18","008.4","24","  8.8","24","  3.4","24","  8.0","999.9","  66.9"," ","  46.0"," "," 0.06","G","999.9","010000"
"72797094240","2024-06-02","47.93695","-124.55757","56.4","QUILLAYUTE AIRPORT, WA US","  57.9","24","  51.8","24","1009.3","13","001.5","24","  7.9","24","  5.6","24"," 12.0"," 25.1","  63.0"," ","  53.1"," "," 0.06","G","999.9","010000"
"72797094240","2024-06-03","47.93695","-124.55757","56.4","QUILLAYUTE AIRPORT, WA US","  56.1","24","  50.3","24","1003.7","11","996.2","24","  6.5","24","  9.2","24"," 15.0"," 26.0","  60.1"," ","  52.0"," "," 1.71","G","999.9","010000"
"72797094240","2024-06-04","47.93695","-124.55757","56.4","QUILLAYUTE AIRPORT, WA US","  56.3","24","  50.5","24","1011.2"," 8","002.8","24","  6.1","24"," 10.2","24"," 18.1"," 28.9","  62.1"," ","  52.0"," "," 1.06","G","999.9","010000"
"72797094240","2024-06-05","47.93695","-124.55757","56.4","QUILLAYUTE AIRPORT, WA US","  53.4","24","  46.4","24","1022.2","15","013.9","24","  9.7","24","  4.4","24"," 13.0"," 18.1","  62.1"," ","  44.1"," "," 0.16","G","999.9","010000"
"72797094240","2024-06-06","47.93695","-124.55757","56.4","QUILLAYUTE AIRPORT, WA US","  55.4","24","  47.2","24","1021.7","24","014.3","24"," 10.0","24","  5.2","24"," 12.0"," 20.0","  68.0"," ","  46.0"," "," 0.01","G","999.9","000000"
"72797094240","2024-06-07","47.93695","-124.55757","56.4","QUILLAYUTE AIRPORT, WA US","  56.9","24","  45.7","24","1017.7","24","010.3","24"," 10.0","24","  4.9","24"," 11.1"," 21.0","  75.0"," ","  41.0"," "," 0.00","G","999.9","000000"
"72797094240","2024-06-08","47.93695","-124.55757","56.4","QUILLAYUTE AIRPORT, WA US","  61.6","24","  48.3","24","1012.9","24","005.6","24"," 10.0","24","  4.5","24"," 11.1"," 19.0","  77.0"," ","  41.0"," "," 0.00","G","999.9","000000"
"72797094240","2024-06-09","47.93695","-124.55757","56.4","QUILLAYUTE AIRPORT, WA US","  55.7","24","  48.7","24","1016.4","19","009.3","24","  9.1","24","  3.5","24","  8.9","999.9","  73.0"," ","  48.0"," "," 0.00","G","999.9","010000"
"72797094240","2024-06-10","47.93695","-124.55757","56.4","QUILLAYUTE AIRPORT, WA US","  54.7","24","  48.3","24","1021.0","23","013.7","24"," 10.0","24","  4.0","24"," 11.1"," 14.0","  66.9"," ","  50.0"," "," 0.00","G","999.9","010000"
"72797094240","2024-06-11","47.93695","-124.55757","56.4","QUILLAYUTE AIRPORT, WA US","  55.2","24","  49.6","24","1017.4","19","009.5","24","  8.8","24","  6.1","24"," 15.9"," 22.9","  66.9"," ","  50.0"," "," 0.06","G","999.9","010000"
"72797094240","2024-06-12","47.93695","-124.55757","56.4","QUILLAYUTE AIRPORT, WA US","  52.8","24","  45.9","24","1024.3","21","016.7","24","  9.9","24","  4.5","24"," 13.0"," 19.0","  60.1"," ","  45.0"," "," 0.12","G","999.9","010000"
"72797094240","2024-06-13","47.93695","-124.55757","56.4","QUILLAYUTE AIRPORT, WA US","  52.2","24","  44.4","24","1021.7","22","014.2","24"," 10.0","24","  4.6","24"," 11.1"," 19.0","  62.1"," ","  41.0"," "," 0.00","G","999.9","000000"
"72797094240","2024-06-14","47.93695","-124.55757","56.4","QUILLAYUTE AIRPORT, WA US","  53.1","24","  47.3","24","1020.0","16","012.6","24","  9.5","24","  4.0","24"," 11.1"," 14.0","  63.0"," ","  41.0"," "," 0.06","G","999.9","010000"
"72797094240","2024-06-15","47.93695","-124.55757","56.4","QUILLAYUTE AIRPORT, WA US","  53.0","24","  47.5","24","1018.1","18","010.5","24","  9.6","24","  4.9","24"," 11.1"," 19.0","  63.0"," ","  45.0"," "," 0.32","G","999.9","010000"
"72797094240","2024-06-16","47.93695","-124.55757","56.4","QUILLAYUTE AIRPORT, WA US","  51.8","24","  45.5","24","1020.1","19","012.3","24","  9.9","24","  3.8","24"," 11.1"," 22.0","  61.0"," ","  42.1"," "," 0.07","G","999.9","000000"
"72797094240","2024-06-17","47.93695","-124.55757","56.4","QUILLAYUTE AIRPORT, WA US","  54.5","24","  48.6","24","1017.5","18","010.0","24","  9.8","24","  4.3","24"," 11.1"," 14.0","  61.0"," ","  42.1"," "," 0.01","G","999.9","010000"
"72797094240","2024-06-18","47.93695","-124.55757","56.4","QUILLAYUTE AIRPORT, WA US","  54.3","24","  50.9","24","1018.7"," 9","011.5","24","  8.1","24","  3.0","24","  9.9","999.9","  63.0","*","  51.8","*"," 0.13","G","999.9","010000"
"72797094240","2024-06-19","47.93695","-124.55757","56.4","QUILLAYUTE AIRPORT, WA US","  56.4","24","  49.2","24","1016.6","20","009.2","24","  8.5","24","  3.5","24"," 11.1"," 18.1","  72.0"," ","  43.0"," "," 0.04","G","999.9","100000"
"72797094240","2024-06-20","47.93695","-124.55757","56.4","QUILLAYUTE AIRPORT, WA US","  61.9","24","  50.1","24","1015.9","24","008.5","24"," 10.0","24","  5.1","24"," 12.0"," 20.0","  79.0"," ","  43.0"," "," 0.00","G","999.9","000000"
"72797094240","2024-06-21","47.93695","-124.55757","56.4","QUILLAYUTE AIRPORT, WA US","  61.3","24","  51.6","24","1015.3","21","008.0","24","  8.5","24","  4.2","24"," 11.1"," 15.0","  79.0"," ","  46.0"," "," 0.00","G","999.9","100000"
"72797094240","2024-06-22","47.93695","-124.55757","56.4","QUILLAYUTE AIRPORT, WA US","  56.8","24","  52.8","24","1014.3","19","006.9","24","  9.3","24","  2.7","24","  7.0"," 14.0","  70.0"," ","  50.0"," "," 0.00","G","999.9","010000"
"72797094240","2024-06-23","47.93695","-124.55757","56.4","QUILLAYUTE AIRPORT, WA US","  56.8","24","  53.8","24","1016.1","11","008.6","24","  8.7","24","  4.6","24","  9.9"," 15.9","  64.0"," ","  52.0"," "," 0.05","G","999.9","010000"
"72797094240","2024-06-24","47.93695","-124.55757","56.4","QUILLAYUTE AIRPORT, WA US","  58.1","24","  52.5","24","1019.2","14","012.0","24","  9.7","24","  3.3","24"," 11.1"," 17.1","  66.0"," ","  52.0"," "," 0.08","G","999.9","110000"
"72797094240","2024-06-25","47.93695","-124.55757","56.4","QUILLAYUTE AIRPORT, WA US","  58.7","24","  50.3","24","1016.7","24","009.3","24"," 10.0","24","  4.9","24","  9.9","999.9","  71.1"," ","  45.0"," "," 0.02","G","999.9","000000"
"72797094240","2024-06-26","47.93695","-124.55757","56.4","QUILLAYUTE AIRPORT, WA US","  57.6","24","  53.1","24","1013.4","19","006.0","24","  8.4","24","  3.5","24","  7.0"," 15.9","  71.1"," ","  45.0"," "," 0.00","G","999.9","010000"
"72797094240","2024-06-27","47.93695","-124.55757","56.4","QUILLAYUTE AIRPORT, WA US","  56.1","24","  53.4","24","1017.0"," 9","009.4","24","  7.5","24","  3.3","24","  9.9","999.9","  60.1","*","  53.6","*"," 0.31","G","999.9","010000"
"72797094240","2024-06-28","47.93695","-124.55757","56.4","QUILLAYUTE AIRPORT, WA US","  57.7","24","  51.9","24","1017.9","21","010.7","24"," 10.0","24","  2.9","24","  8.9","999.9","  66.0","*","  53.6","*"," 0.05","G","999.9","000000"
"72797094240","2024-06-29","47.93695","-124.55757","56.4","QUILLAYUTE AIRPORT, WA US","  58.4","24","  53.2","24","1017.1","24","009.7","24"," 10.0","24","  2.1","24","  8.0","999.9","  66.9"," ","  51.1"," "," 0.00","G","999.9","010000"
"72797094240","2024-06-30","47.93695","-124.55757","56.4","QUILLAYUTE AIRPORT, WA US","  61.7","24","  58.4","24","1019.3","16","012.0","24","  7.0","24","  3.8","24","  8.0","999.9","  70.0"," ","  51.1"," "," 0.01","G","999.9","010000"
"72797094240","2024-07-01","47.93695","-124.55757","56.4","QUILLAYUTE AIRPORT, WA US","  61.6","24","  56.8","24","1022.0","11","014.4","24","  7.9","24","  4.5","24"," 11.1"," 17.1","  70.0"," ","  57.0"," "," 0.07","G","999.9","010000"
"72797094240","2024-07-02","47.93695","-124.55757","56.4","QUILLAYUTE AIRPORT, WA US","  57.1","24","  52.7","24","1024.5","17","017.1","24","  8.6","24","  5.1","24"," 11.1"," 15.0","  64.9"," ","  55.0"," "," 0.01","G","999.9","010000"
"72797094240","2024-07-03","47.93695","-124.55757","56.4","QUILLAYUTE AIRPORT, WA US","  58.2","24","  52.7","24","1025.5","23","018.0","24"," 10.0","24","  3.5","24","  8.9","999.9","  66.0","*","  55.0","*"," 0.01","G","999.9","000000"
"72797094240","2024-07-04","47.93695","-124.55757","56.4","QUILLAYUTE AIRPORT, WA US","  60.6","24","  53.0","24","1024.7","20","017.3","24"," 10.0","24","  3.5","24","  8.9","999.9","  79.0"," ","  46.0"," "," 0.00","G","999.9","000000"
"72797094240","2024-07-05","47.93695","-124.55757","56.4","QUILLAYUTE AIRPORT, WA US","  67.8","24","  54.8","24","1022.0","24","014.7","24"," 10.0","24","  4.1","24"," 12.0"," 17.1","  84.9"," ","  46.0"," "," 0.00","G","999.9","000000"
"72797094240","2024-07-06","47.93695","-124.55757","56.4","QUILLAYUTE AIRPORT, WA US","  69.4","24","  52.8","24","1017.2","24","009.9","24"," 10.0","24","  3.9","24"," 12.0","999.9","  84.9"," ","  51.1"," "," 0.00","G","999.9","000000"
"72797094240","2024-07-07","47.93695","-124.55757","56.4","QUILLAYUTE AIRPORT, WA US","  68.9","24","  56.2","24","1014.6","24","007.3","24"," 10.0","24","  2.7","24","  9.9","999.9","  86.0"," ","  51.1"," "," 0.00","G","999.9","000000"
"72797094240","2024-07-08","47.93695","-124.55757","56.4","QUILLAYUTE AIRPORT, WA US","  69.9","24","  53.5","24","1014.7","24","007.4","24"," 10.0","24","  3.1","24","  9.9","999.9","  87.1"," ","  53.1"," "," 0.00","G","999.9","000000"
"72797094240","2024-07-09","47.93695","-124.55757","56.4","QUILLAYUTE AIRPORT, WA US","  69.0","24","  55.8","24","1012.5","24","005.2","24","  9.7","24","  3.4","24","  8.9","999.9","  87.1"," ","  53.1"," "," 0.00","G","999.9","000000"
"72797094240","2024-07-10","47.93695","-124.55757","56.4","QUILLAYUTE AIRPORT, WA US","  62.5","24","  54.2","24","1016.4","20","008.8","24"," 10.0","24","  3.9","24","  8.9"," 15.0","  84.0"," ","  53.1"," "," 0.00","G","999.9","000000"
"72797094240","2024-07-11","47.93695","-124.55757","56.4","QUILLAYUTE AIRPORT, WA US","  60.9","24","  54.4","24","1021.6","21","014.2","24"," 10.0","24","  4.8","24","  9.9"," 15.9","  73.0"," ","  53.1"," "," 0.00","G","999.9","000000"
"72797094240","2024-07-12","47.93695","-124.55757","56.4","QUILLAYUTE AIRPORT, WA US","  59.5","24","  53.6","24","1020.1","24","012.8","24"," 10.0","24","  3.7","24","  8.9","999.9","  70.0"," ","  53.1"," "," 0.00","G","999.9","000000"
"72797094240","2024-07-13","47.93695","-124.55757","56.4","QUILLAYUTE AIRPORT, WA US","  59.8","24","  53.6","24","1017.2","19","009.8","24","  8.3","24","  3.1","24","  8.0","999.9","  75.0","*","  48.2","*"," 0.00","G","999.9","100000"
"72797094240","2024-07-14","47.93695","-124.55757","56.4","QUILLAYUTE AIRPORT, WA US","  58.2","24","  52.9","24","1017.6","22","010.1","24","  9.6","24","  3.8","24","  8.9","999.9","  77.0"," ","  48.9"," "," 0.00","G","999.9","100000"
"72797094240","2024-07-15","47.93695","-124.55757","56.4","QUILLAYUTE AIRPORT, WA US","  57.8","24","  54.2","24","1020.4","20","013.0","24","  8.3","24","  2.8","24","  9.9","999.9","  66.0"," ","  48.9"," "," 0.01","G","999.9","010000"
"72797094240","2024-07-16","47.93695","-124.55757","56.4","QUILLAYUTE AIRPORT, WA US","  60.6","24","  54.8","24","1017.1","22","010.1","24","  7.3","24","  3.9","24","  9.9","999.9","  78.1"," ","  50.0"," "," 0.00","I","999.9","100000"
"72797094240","2024-07-17","47.93695","-124.55757","56.4","QUILLAYUTE AIRPORT, WA US","  63.1","24","  56.3","24","1014.7","18","007.6","24","  7.8","24","  5.3","24"," 12.0"," 20.0","  81.0"," ","  50.0"," "," 0.00","G","999.9","100000"
"72797094240","2024-07-18","47.93695","-124.55757","56.4","QUILLAYUTE AIRPORT, WA US","  59.7","24","  55.7","24","1018.9","20","011.4","24","  9.1","24","  5.5","24"," 11.1"," 18.1","  70.0"," ","  54.0"," "," 0.00","G","999.9","000000"
"72797094240","2024-07-19","47.93695","-124.55757","56.4","QUILLAYUTE AIRPORT, WA US","  61.8","24","  56.7","24","1021.8","18","014.1","24","  8.6","24","  4.2","24","  9.9","999.9","  73.0"," ","  55.9"," "," 0.00","G","999.9","000000"
"72797094240","2024-07-20","47.93695","-124.55757","56.4","QUILLAYUTE AIRPORT, WA US","  63.2","24","  56.5","24","1021.5","18","014.3","24","  7.6","24","  4.8","23"," 13.0"," 20.0","  77.0"," ","  53.1"," "," 0.00","G","999.9","100000"
"72797094240","2024-07-21","47.93695","-124.55757","56.4","QUILLAYUTE AIRPORT, WA US","  60.1","24","  56.2","24","1020.0","18","012.4","24","  8.7","24","  5.8","24"," 11.1"," 17.1","  77.0"," ","  53.1"," "," 0.00","G","999.9","010000"
"72797094240","2024-07-22","47.93695","-124.55757","56.4","QUILLAYUTE AIRPORT, WA US","  59.6","24","  54.3","24","1021.4","13","013.8","24"," 10.0","24","  4.7","24"," 12.0"," 19.0","  66.9"," ","  51.1"," "," 0.01","G","999.9","000000"
"72797094240","2024-07-23","47.93695","-124.55757","56.4","QUILLAYUTE AIRPORT, WA US","  60.0","24","  52.3","24","1022.9","16","015.6","24"," 10.0","24","  3.6","24","  9.9"," 15.9","  70.0","*","  50.0","*"," 0.00","G","999.9","000000"
"72797094240","2024-07-24","47.93695","-124.55757","56.4","QUILLAYUTE AIRPORT, WA US","  57.3","24","  51.6","24","1020.3","16","012.9","24","  9.0","24","  3.8","22"," 11.1","999.9","  68.0"," ","  48.0"," "," 0.00","G","999.9","010000"
"72797094240","2024-07-25","47.93695","-124.55757","56.4","QUILLAYUTE AIRPORT, WA US","  60.1","24","  53.7","24","1023.0","19","015.5","24"," 10.0","24","  4.7","23"," 11.1"," 18.1","  68.0"," ","  48.0"," "," 0.10","G","999.9","000000"
"72797094240","2024-07-26","47.93695","-124.55757","56.4","QUILLAYUTE AIRPORT, WA US","  59.8","24","  53.8","24","1021.3","22","014.4","24"," 10.0","24","  3.7","24","  9.9"," 17.1","  66.9"," ","  54.0"," "," 0.00","G","999.9","000000"
"72797094240","2024-07-27","47.93695","-124.55757","56.4","QUILLAYUTE AIRPORT, WA US","  59.3","24","  54.1","24","1014.0","23","006.8","24"," 10.0","24","  4.9","24","  8.9"," 15.9","  66.9"," ","  55.0"," "," 0.00","G","999.9","000000"
"72797094240","2024-07-28","47.93695","-124.55757","56.4","QUILLAYUTE AIRPORT, WA US","  61.0","24","  55.1","24","1013.2","20","005.9","24","  9.8","24","  3.4","23","  8.9"," 18.1","  68.0"," ","  55.9"," "," 0.00","G","999.9","000000"
"72797094240","2024-07-29","47.93695","-124.55757","56.4","QUILLAYUTE AIRPORT, WA US","  61.0","24","  58.6","24","1012.1","18","004.7","24","  6.1","24","  4.6","20","  8.9","999.9","  68.0"," ","  57.0"," "," 0.35","G","999.9","010000"
"72797094240","2024-07-30","47.93695","-124.55757","56.4","QUILLAYUTE AIRPORT, WA US","  62.2","20","  60.8","20","1013.9"," 9","007.3","20","  3.2","20","  4.7","18","  9.9"," 18.1","  64.4","*","  60.8","*"," 0.74","G","999.9","010000"
"72797094240","2024-07-31","47.93695","-124.55757","56.4","QUILLAYUTE AIRPORT, WA US","  62.8","24","  59.7","24","1018.2","14","010.6","24","  7.7","24","  2.1","23","  7.0","999.9","  69.1"," ","  60.1"," "," 0.36","G","999.9","000000"
"72797094240","2024-08-01","47.93695","-124.55757","56.4","QUILLAYUTE AIRPORT, WA US","  66.7","24","  58.9","24","1016.9","24","009.7","24","  9.9","24","  3.9","24","  8.0","999.9","  88.0"," ","  53.1"," "," 0.00","G","999.9","000000"
"72797094240","2024-08-02","47.93695","-124.55757","56.4","QUILLAYUTE AIRPORT, WA US","  68.0","24","  60.6","24","1018.3","23","011.1","24"," 10.0","24","  3.7","24","  8.0","999.9","  88.0"," ","  53.1"," "," 0.00","G","999.9","000000"
"72797094240","2024-08-03","47.93695","-124.55757","56.4","QUILLAYUTE AIRPORT, WA US","  60.8","24","  56.0","24","1020.1","18","012.5","24","  8.8","24","  2.9","24","  8.0","999.9","  70.0"," ","  55.9"," "," 0.00","G","999.9","000000"
"72797094240","2024-08-04","47.93695","-124.55757","56.4","QUILLAYUTE AIRPORT, WA US","  60.0","24","  56.1","24","1015.6","15","008.1","24","  6.8","24","  4.2","24","  8.9"," 15.0","  66.9","*","  55.4","*"," 0.00","G","999.9","000000"
"72797094240","2024-08-05","47.93695","-124.55757","56.4","QUILLAYUTE AIRPORT, WA US","  60.0","24","  55.4","24","1015.8","18","008.8","24","  9.5","24","  3.7","24","  8.0","999.9","  68.0"," ","  55.9"," "," 0.00","G","999.9","010000"
"72797094240","2024-08-06","47.93695","-124.55757","56.4","QUILLAYUTE AIRPORT, WA US","  58.8","24","  54.7","24","1019.7","11","012.9","24","  9.1","24","  2.0","24","  7.0","999.9","  63.0","*","  55.4","*"," 0.00","G","999.9","000000"
"72797094240","2024-08-07","47.93695","-124.55757","56.4","QUILLAYUTE AIRPORT, WA US","  61.1","24","  55.2","24","1022.0","22","014.8","24","  9.7","24","  4.1","24","  8.9","999.9","  72.0"," ","  55.9"," "," 0.00","G","999.9","010000"
"72797094240","2024-08-08","47.93695","-124.55757","56.4","QUILLAYUTE AIRPORT, WA US","  60.9","24","  55.7","24","1016.6","19","009.5","24","  6.2","24","  3.7","24","  8.0","999.9","  75.0"," ","  53.1"," "," 0.00","G","999.9","100000"
"72797094240","2024-08-09","47.93695","-124.55757","56.4","QUILLAYUTE AIRPORT, WA US","  59.5","24","  54.7","24","1014.9","20","007.5","24","  6.4","24","  2.7","24","  7.0","999.9","  71.1","*","  51.8","*"," 0.00","G","999.9","100000"
"72797094240","2024-08-10","47.93695","-124.55757","56.4","QUILLAYUTE AIRPORT, WA US","  60.3","24","  57.3","24","1016.9","18","009.2","24","  6.2","24","  4.8","24","  9.9"," 15.9","  72.0"," ","  52.0"," "," 0.00","G","999.9","000000"
"72797094240","2024-08-11","47.93695","-124.55757","56.4","QUILLAYUTE AIRPORT, WA US","  59.3","24","  56.5","24","1017.4","14","010.1","24","  6.0","24","  3.5","24","  8.0","999.9","  66.9"," ","  57.0"," "," 0.00","G","999.9","000000"
"72797094240","2024-08-12","47.93695","-124.55757","56.4","QUILLAYUTE AIRPORT, WA US","  59.9","24","  54.7","24","1015.1","18","007.6","24"," 10.0","24","  2.0","23","  8.0","999.9","  64.9","*","  57.0","*"," 0.00","G","999.9","000000"
"72797094240","2024-08-13","47.93695","-124.55757","56.4","QUILLAYUTE AIRPORT, WA US","  60.8","24","  56.1","24","1016.3","20","009.0","24"," 10.0","24","  1.9","24","  7.0","999.9","  66.9"," ","  57.0"," "," 0.00","G","999.9","000000"
"72797094240","2024-08-14","47.93695","-124.55757","56.4","QUILLAYUTE AIRPORT, WA US","  61.7","24","  55.9","24","1019.4","22","012.0","24"," 10.0","24","  2.8","24","  8.0","999.9","  70.0"," ","  57.9"," "," 0.00","G","999.9","000000"
"72797094240","2024-08-15","47.93695","-124.55757","56.4","QUILLAYUTE AIRPORT, WA US","  62.6","24","  55.6","24","1019.8","21","012.4","24"," 10.0","24","  3.7","24"," 11.1"," 15.0","  70.0"," ","  57.0"," "," 0.00","G","999.9","000000"
"72797094240","2024-08-16","47.93695","-124.55757","56.4","QUILLAYUTE AIRPORT, WA US","  59.2","24","  52.7","24","1018.1","21","010.9","24"," 10.0","24","  3.1","24","  9.9","999.9","  70.0"," ","  52.0"," "," 0.00","G","999.9","000000"
"72797094240","2024-08-17","47.93695","-124.55757","56.4","QUILLAYUTE AIRPORT, WA US","  59.8","24","  53.0","24","1013.3","24","005.9","24"," 10.0","24","  1.8","24","  8.0"," 15.0","  75.9"," ","  48.0"," "," 0.00","G","999.9","000000"
"72797094240","2024-08-18","47.93695","-124.55757","56.4","QUILLAYUTE AIRPORT, WA US","  64.1","23","  58.4","23","1011.4","16","004.6","23","  9.6","23","  4.4","23"," 11.1"," 22.9","  77.0"," ","  48.0"," "," 0.45","G","999.9","010010"
"72797094240","2024-08-19","47.93695","-124.55757","56.4","QUILLAYUTE AIRPORT, WA US","  59.5","24","  56.7","24","1016.0","18","008.8","24","  8.8","24","  4.6","24","  8.9"," 15.9","  70.0"," ","  55.9"," "," 0.10","G","999.9","010000"
"72797094240","2024-08-20","47.93695","-124.55757","56.4","QUILLAYUTE AIRPORT, WA US","  62.0","24","  58.8","24","1018.1","15","010.6","24","  8.6","24","  3.9","24","  9.9"," 18.1","  73.0"," ","  55.9"," "," 1.38","G","999.9","010000"
"72797094240","2024-08-21","47.93695","-124.55757","56.4","QUILLAYUTE AIRPORT, WA US","  61.6","24","  59.0","24","1017.7","15","010.3","24","  7.6","24","  2.4","24","  8.9"," 15.0","  73.0"," ","  57.9"," "," 0.03","G","999.9","110000"
"72797094240","2024-08-22","47.93695","-124.55757","56.4","QUILLAYUTE AIRPORT, WA US","  60.0","24","  57.4","24","1013.0","11","005.7","24","  8.8","24","  3.2","24","  9.9","999.9","  66.9"," ","  55.9"," "," 1.32","G","999.9","010000"
"72797094240","2024-08-23","47.93695","-124.55757","56.4","QUILLAYUTE AIRPORT, WA US","  58.4","24","  56.2","24","1010.6","13","002.8","24","  8.5","24","  1.9","24","  6.0","999.9","  66.9"," ","  55.9"," "," 0.24","G","999.9","010000"
"72797094240","2024-08-24","47.93695","-124.55757","56.4","QUILLAYUTE AIRPORT, WA US","  59.9","24","  56.4","24","1012.6","15","005.1","24","  9.2","24","  2.8","24","  8.0","999.9","  68.0"," ","  55.9"," "," 0.62","G","999.9","010000"
"72797094240","2024-08-25","47.93695","-124.55757","56.4","QUILLAYUTE AIRPORT, WA US","  62.1","24","  56.9","24","1022.6","21","015.3","24"," 10.0","24","  3.2","24"," 11.1"," 15.0","  72.0"," ","  54.0"," "," 0.04","G","999.9","000000"
"72797094240","2024-08-26","47.93695","-124.55757","56.4","QUILLAYUTE AIRPORT, WA US","  60.2","24","  56.0","24","1022.5","24","015.1","24","  9.8","24","  2.3","24","  7.0","999.9","  72.0"," ","  53.1"," "," 0.00","G","999.9","010000"
"72797094240","2024-08-27","47.93695","-124.55757","56.4","QUILLAYUTE AIRPORT, WA US","  57.4","24","  53.1","24","1022.4","12","014.5","24","  7.0","24","  4.1","24"," 13.0"," 22.0","  68.0"," ","  48.0"," "," 0.63","G","999.9","010000"
"72797094240","2024-08-28","47.93695","-124.55757","56.4","QUILLAYUTE AIRPORT, WA US","  56.6","24","  49.8","24","1025.2","22","017.9","24"," 10.0","24","  5.2","24"," 12.0"," 20.0","  69.1"," ","  48.0"," "," 0.00","G","999.9","000000"
"72797094240","2024-08-29","47.93695","-124.55757","56.4","QUILLAYUTE AIRPORT, WA US","  60.7","24","  50.3","24","1021.4","24","014.0","24"," 10.0","24","  4.9","24"," 12.0","999.9","  80.1"," ","  46.0"," "," 0.00","G","999.9","000000"
"72797094240","2024-08-30","47.93695","-124.55757","56.4","QUILLAYUTE AIRPORT, WA US","  66.2","24","  54.5","24","1018.0","24","010.7","24"," 10.0","24","  3.7","24","  8.9","999.9","  81.0"," ","  46.0"," "," 0.00","G","999.9","000000"
"72797094240","2024-08-31","47.93695","-124.55757","56.4","QUILLAYUTE AIRPORT, WA US","  68.2","24","  56.2","24","1016.7","24","009.3","24"," 10.0","24","  2.2","24","  9.9","999.9","  89.1"," ","  50.0"," "," 0.00","G","999.9","000000"
"72797094240","2024-09-01","47.93695","-124.55757","56.4","QUILLAYUTE AIRPORT, WA US","  65.8","24","  60.4","24","1013.3","18","006.1","24","  7.4","24","  3.4","24","  8.0","999.9","  90.0"," ","  52.0"," "," 0.00","G","999.9","100000"
"72797094240","2024-09-02","47.93695","-124.55757","56.4","QUILLAYUTE AIRPORT, WA US","  61.5","24","  58.7","24","1014.1","20","006.7","24","  8.4","24","  3.3","23","  6.0","999.9","  70.0"," ","  57.9"," "," 0.01","G","999.9","000000"
"72797094240","2024-09-03","47.93695","-124.55757","56.4","QUILLAYUTE AIRPORT, WA US","  60.0","24","  57.1","24","1020.3","19","012.8","24","  7.8","24","  2.3","24","  7.0","999.9","  68.0"," ","  55.9"," "," 0.00","I","999.9","000000"
"72797094240","2024-09-04","47.93695","-124.55757","56.4","QUILLAYUTE AIRPORT, WA US","  61.7","24","  57.6","24","1021.5","18","014.4","24","  5.2","24","  3.4","24","  7.0","999.9","  79.0","*","  55.4","*"," 0.00","G","999.9","100000"
"72797094240","2024-09-05","47.93695","-124.55757","56.4","QUILLAYUTE AIRPORT, WA US","  70.0","24","  58.0","24","1018.6","24","011.3","24"," 10.0","24","  2.0","24","  7.0","999.9","  96.1"," ","  53.1"," "," 0.00","G","999.9","000000"
"72797094240","2024-09-06","47.93695","-124.55757","56.4","QUILLAYUTE AIRPORT, WA US","  72.1","24","  59.6","24","1015.7","24","008.4","24"," 10.0","24","  2.4","24"," 11.1","999.9","  96.1"," ","  53.1"," "," 0.00","G","999.9","000000"
"72797094240","2024-09-07","47.93695","-124.55757","56.4","QUILLAYUTE AIRPORT, WA US","  66.1","24","  57.1","24","1013.1","23","005.9","24"," 10.0","24","  3.1","24","  9.9","999.9","  87.1","*","  53.6","*"," 0.00","G","999.9","000000"
"72797094240","2024-09-08","47.93695","-124.55757","56.4","QUILLAYUTE AIRPORT, WA US","  61.0","24","  57.7","24","1011.9","13","004.5","24","  6.3","24","  4.6","24","  8.9"," 18.1","  78.1"," ","  54.0"," "," 0.00","G","999.9","000000"
"72797094240","2024-09-09","47.93695","-124.55757","56.4","QUILLAYUTE AIRPORT, WA US","  60.1","24","  56.5","24","1014.9","21","007.5","24","  9.5","24","  2.9","24","  8.0","999.9","  66.9"," ","  55.9"," "," 0.00","G","999.9","000000"
"72797094240","2024-09-10","47.93695","-124.55757","56.4","QUILLAYUTE AIRPORT, WA US","  57.0","24","  52.2","24","1014.2","23","007.0","24","  9.0","24","  3.1","24","  6.0","999.9","  66.9"," ","  52.0"," "," 0.00","G","999.9","010000"
"72797094240","2024-09-11","47.93695","-124.55757","56.4","QUILLAYUTE AIRPORT, WA US","  59.0","24","  56.2","24","1007.2","19","999.8","24","  9.6","24","  2.6","23","  8.0","999.9","  66.9"," ","  52.0"," "," 0.58","G","999.9","010000"
"72797094240","2024-09-12","47.93695","-124.55757","56.4","QUILLAYUTE AIRPORT, WA US","  57.6","24","  54.3","24","1011.4","15","004.9","24","  6.9","24","  2.7","24","  8.0","999.9","  68.0"," ","  53.1"," "," 0.04","G","999.9","100000"
"72797094240","2024-09-13","47.93695","-124.55757","56.4","QUILLAYUTE AIRPORT, WA US","  56.7","24","  52.9","24","1016.5","19","009.0","24","  9.7","24","  2.5","24","  8.0","999.9","  64.0","*","  52.0","*"," 0.00","G","999.9","010000"
"72797094240","2024-09-14","47.93695","-124.55757","56.4","QUILLAYUTE AIRPORT, WA US","  59.2","24","  55.7","24","1013.6","13","006.0","24","  8.9","24","  2.3","24","  8.0"," 15.0","  66.9"," ","  52.0"," "," 0.19","G","999.9","010000"
"72797094240","2024-09-15","47.93695","-124.55757","56.4","QUILLAYUTE AIRPORT, WA US","  55.9","24","  50.6","24","1014.9","16","007.6","24","  8.7","24","  2.8","24"," 11.1"," 18.1","  68.0","*","  46.4","*"," 0.06","G","999.9","000000"
"72797094240","2024-09-16","47.93695","-124.55757","56.4","QUILLAYUTE AIRPORT, WA US","  55.9","24","  48.8","24","1015.4","24","008.0","24"," 10.0","24","  3.1","24","  9.9","999.9","  72.0"," ","  43.0"," "," 0.00","G","999.9","000000"
"72797094240","2024-09-17","47.93695","-124.55757","56.4","QUILLAYUTE AIRPORT, WA US","  57.1","24","  53.9","24","1011.8","14","004.1","24","  6.0","24","  2.7","24","  8.0","999.9","  72.0"," ","  43.0"," "," 0.01","G","999.9","010000"
"72797094240","2024-09-18","47.93695","-124.55757","56.4","QUILLAYUTE AIRPORT, WA US","  60.2","24","  57.7","24","1015.0","13","007.3","24","  6.8","24","  2.3","24","  8.0","999.9","  68.0"," ","  54.0"," "," 0.28","G","999.9","110000"
"72797094240","2024-09-19","47.93695","-124.55757","56.4","QUILLAYUTE AIRPORT, WA US","  55.8","24","  52.8","24","1017.4","13","010.0","24","  5.6","24","  3.7","24","  9.9","999.9","  68.0"," ","  51.1"," "," 0.00","G","999.9","100000"
"72797094240","2024-09-20","47.93695","-124.55757","56.4","QUILLAYUTE AIRPORT, WA US","  56.9","24","  51.4","24","1019.1","19","011.3","24"," 10.0","24","  3.4","24","  8.9","999.9","  64.9"," ","  51.1"," "," 0.00","G","999.9","000000"
"72797094240","2024-09-21","47.93695","-124.55757","56.4","QUILLAYUTE AIRPORT, WA US","  55.1","24","  49.2","24","1023.0","21","015.7","24","  8.9","24","  2.0","24","  8.0","999.9","  68.0"," ","  46.0"," "," 0.00","G","999.9","100000"
"72797094240","2024-09-22","47.93695","-124.55757","56.4","QUILLAYUTE AIRPORT, WA US","  55.5","24","  50.6","24","1021.1","19","013.5","24","  9.4","24","  2.0","24","  7.0","999.9","  68.0"," ","  46.0"," "," 0.00","G","999.9","010000"
"72797094240","2024-09-23","47.93695","-124.55757","56.4","QUILLAYUTE AIRPORT, WA US","  63.0","24","  61.2","24","1020.1","10","012.9","24","  4.3","24","  2.9","24","  7.0","999.9","  72.0"," ","  48.0"," "," 0.39","G","999.9","010000"
"72797094240","2024-09-24","47.93695","-124.55757","56.4","QUILLAYUTE AIRPORT, WA US","  64.8","24","  61.6","24","1012.5","14","006.8","24","  6.1","24","  2.3","24","  8.0","999.9","  73.0","*","  57.2","*"," 0.06","G","999.9","100000"
"72797094240","2024-09-25","47.93695","-124.55757","56.4","QUILLAYUTE AIRPORT, WA US","  59.3","24","  57.3","24","1005.0","15","997.7","24","  7.2","24","  4.3","24"," 13.0"," 20.0","  73.9"," ","  57.0"," "," 0.01","G","999.9","110000"
"72797094240","2024-09-26","47.93695","-124.55757","56.4","QUILLAYUTE AIRPORT, WA US","  53.0","24","  50.8","24","1012.6","17","005.7","24","  7.7","24","  3.7","24"," 11.1"," 27.0","  61.0"," ","  46.0"," "," 1.93","G","999.9","110000"
"72797094240","2024-09-27","47.93695","-124.55757","56.4","QUILLAYUTE AIRPORT, WA US","  57.8","24","  53.1","24","1018.5","18","010.1","24","  8.3","24","  5.2","24"," 20.0"," 35.9","  64.9"," ","  46.0"," "," 0.76","G","999.9","110000"
"72797094240","2024-09-28","47.93695","-124.55757","56.4","QUILLAYUTE AIRPORT, WA US","  51.1","24","  45.4","24","1016.2","24","008.8","24"," 10.0","24","  3.2","24","  8.9"," 14.0","  64.9"," ","  39.9"," "," 0.00","G","999.9","000000"
"72797094240","2024-09-29","47.93695","-124.55757","56.4","QUILLAYUTE AIRPORT, WA US","  49.6","24","  43.9","24","1022.3","21","013.7","24","  9.0","24","  2.5","24","  7.0","999.9","  62.1"," ","  37.9"," "," 0.00","G","999.9","000000"
"72797094240","2024-09-30","47.93695","-124.55757","56.4","QUILLAYUTE AIRPORT, WA US","  49.5","24","  32.1","24","1029.3","24","021.8","24","  9.9","24","  2.0","24","  7.0","999.9","  64.9"," ","  37.0"," "," 0.00","G","999.9","000000"
"72797094240","2024-10-01","47.93695","-124.55757","56.4","QUILLAYUTE AIRPORT, WA US","  51.5","24","  44.3","24","1022.9","22","015.4","24","  9.5","24","  1.5","24","  6.0","999.9","  64.9"," ","  37.0"," "," 0.00","G","999.9","010000"
"72797094240","2024-10-02","47.93695","-124.55757","56.4","QUILLAYUTE AIRPORT, WA US","  51.3","24","  46.8","24","1025.7","15","017.9","24","  6.6","24","  1.5","24","  8.0","999.9","  62.1"," ","  39.9"," "," 0.04","G","999.9","110000"
"72797094240","2024-10-03","47.93695","-124.55757","56.4","QUILLAYUTE AIRPORT, WA US","  49.2","24","  42.0","24","1021.3","24","013.8","24"," 10.0","24","  2.6","24","  7.0","999.9","  66.9"," ","  35.1"," "," 0.06","G","999.9","000000"
"72797094240","2024-10-04","47.93695","-124.55757","56.4","QUILLAYUTE AIRPORT, WA US","  55.3","24","  50.7","24","1009.6","21","002.0","24","  9.3","24","  3.9","24"," 12.0"," 17.1","  66.9"," ","  35.1"," "," 0.61","G","999.9","010000"
"72797094240","2024-10-05","47.93695","-124.55757","56.4","QUILLAYUTE AIRPORT, WA US","  54.3","24","  48.9","24","1022.2","24","014.8","24"," 10.0","24","  3.3","24","  8.9","999.9","  63.0"," ","  48.9"," "," 0.21","G","999.9","000000"
"72797094240","2024-10-06","47.93695","-124.55757","56.4","QUILLAYUTE AIRPORT, WA US","  54.4","24","  48.1","24","1020.5","24","013.1","24"," 10.0","24","  3.3","24","  8.9","999.9","  64.9"," ","  46.0"," "," 0.00","G","999.9","000000"
"72797094240","2024-10-07","47.93695","-124.55757","56.4","QUILLAYUTE AIRPORT, WA US","  56.0","24","  49.3","24","1017.1","18","010.8","24","  9.3","24","  3.8","24","  8.9","999.9","  72.0"," ","  46.0"," "," 0.00","G","999.9","000000"
"72797094240","2024-10-08","47.93695","-124.55757","56.4","QUILLAYUTE AIRPORT, WA US","  58.4","24","  54.4","24","1012.5","14","005.4","24","  7.2","24","  3.5","24"," 11.1"," 15.9","  72.0"," ","  48.0"," "," 0.22","G","999.9","010000"
"72797094240","2024-10-09","47.93695","-124.55757","56.4","QUILLAYUTE AIRPORT, WA US","  51.5","24","  48.4","24","1017.9","16","009.8","24","  7.5","24","  2.9","24","  8.9"," 18.1","  61.0","*","  42.8","*"," 0.30","G","999.9","110000"
"72797094240","2024-10-10","47.93695","-124.55757","56.4","QUILLAYUTE AIRPORT, WA US","  48.9","24","  44.5","24","1022.6","16","015.6","24","  5.5","24","  1.8","24","  7.0","999.9","  63.0"," ","  37.0"," "," 0.06","G","999.9","110000"
"72797094240","2024-10-11","47.93695","-124.55757","56.4","QUILLAYUTE AIRPORT, WA US","  50.5","24","  43.5","24","1016.5","23","009.1","24"," 10.0","24","  2.9","24","  8.0","999.9","  66.0"," ","  37.0"," "," 0.00","G","999.9","000000"
"72797094240","2024-10-12","47.93695","-124.55757","56.4","QUILLAYUTE AIRPORT, WA US","  55.6","24","  46.0","24","1016.6","24","009.2","24"," 10.0","24","  3.3","24","  7.0","999.9","  75.9"," ","  39.9"," "," 0.00","G","999.9","000000"
"72797094240","2024-10-13","47.93695","-124.55757","56.4","QUILLAYUTE AIRPORT, WA US","  59.0","24","  54.4","24","1019.3","18","012.3","24","  8.7","24","  3.0","24","  8.0","999.9","  75.9"," ","  43.0"," "," 0.00","G","999.9","010000"
"72797094240","2024-10-14","47.93695","-124.55757","56.4","QUILLAYUTE AIRPORT, WA US","  58.4","24","  55.2","24","1016.8","19","009.2","24","  7.7","24","  5.0","24","  9.9"," 21.0","  69.1"," ","  53.1"," "," 0.02","G","999.9","010000"
"72797094240","2024-10-15","47.93695","-124.55757","56.4","QUILLAYUTE AIRPORT, WA US","  53.2","24","  49.2","24","1019.4","24","011.9","24","  9.9","24","  1.4","24","  7.0","999.9","  63.0"," ","  48.0"," "," 0.74","G","999.9","000000"
"72797094240","2024-10-16","47.93695","-124.55757","56.4","QUILLAYUTE AIRPORT, WA US","  52.8","24","  48.5","24","1015.4","16","008.0","24","  8.4","24","  4.0","24"," 14.0"," 26.0","  60.1","*","  44.6","*"," 0.22","G","999.9","110010"
"72797094240","2024-10-17","47.93695","-124.55757","56.4","QUILLAYUTE AIRPORT, WA US","  49.1","24","  44.3","24","1015.3","15","007.9","24","  8.9","24","  2.4","24","  8.0","999.9","  61.0"," ","  42.1"," "," 0.32","G","999.9","110000"
"72797094240","2024-10-18","47.93695","-124.55757","56.4","QUILLAYUTE AIRPORT, WA US","  47.4","24","  44.3","24","1021.2","20","013.1","24","  7.9","24","  5.2","24"," 15.0"," 34.0","  57.9"," ","  42.1"," "," 0.01","G","999.9","010000"
"72797094240","2024-10-19","47.93695","-124.55757","56.4","QUILLAYUTE AIRPORT, WA US","  58.1","24","  56.3","24","1016.5"," 5","009.2","24","  1.9","24"," 10.7","24"," 17.1"," 31.1","  60.8","*","  51.1","*"," 2.60","G","999.9","010000"
"72797094240","2024-10-20","47.93695","-124.55757","56.4","QUILLAYUTE AIRPORT, WA US","  56.3","24","  54.3","24","1014.8","10","005.7","24","  5.4","24","  6.3","24"," 18.1"," 40.0","  60.1"," ","  51.1"," "," 4.13","G","999.9","010000"
"72797094240","2024-10-21","47.93695","-124.55757","56.4","QUILLAYUTE AIRPORT, WA US","  49.1","24","  46.3","24","1015.0","15","007.4","24","  7.8","24","  2.4","24","  8.9","999.9","  60.1"," ","  42.1"," "," 0.93","G","999.9","110000"
"72797094240","2024-10-22","47.93695","-124.55757","56.4","QUILLAYUTE AIRPORT, WA US","  49.4","24","  46.0","24","1023.2","11","015.8","24","  6.6","24","  1.8","24","  7.0","999.9","  57.9"," ","  41.0"," "," 0.26","G","999.9","110000"
"72797094240","2024-10-23","47.93695","-124.55757","56.4","QUILLAYUTE AIRPORT, WA US","  44.3","24","  40.5","24","1026.0","14","018.4","24","  6.2","24","  2.6","24","  7.0","999.9","  57.9"," ","  35.1"," "," 0.00","G","999.9","100000"
"72797094240","2024-10-24","47.93695","-124.55757","56.4","QUILLAYUTE AIRPORT, WA US","  46.9","24","  42.6","24","1026.8","19","019.7","24","  7.7","24","  2.2","24","  8.0","999.9","  57.9"," ","  35.1"," "," 0.02","G","999.9","110000"
"72797094240","2024-10-25","47.93695","-124.55757","56.4","QUILLAYUTE AIRPORT, WA US","  46.2","24","  39.9","24","1015.2","24","007.8","24"," 10.0","24","  4.8","24","  8.0","999.9","  57.0"," ","  36.0"," "," 0.00","G","999.9","000000"
"72797094240","2024-10-26","47.93695","-124.55757","56.4","QUILLAYUTE AIRPORT, WA US","  55.5","24","  49.7","24","1010.1","15","001.6","24","  7.4","24","  8.0","24"," 22.0"," 45.1","  64.0"," ","  36.0"," "," 0.80","G","999.9","010000"
"72797094240","2024-10-27","47.93695","-124.55757","56.4","QUILLAYUTE AIRPORT, WA US","  54.3","24","  51.5","24","1008.1","10","000.1","24","  8.7","24","  6.5","24"," 21.0"," 33.0","  64.0"," ","  48.9"," "," 0.71","G","999.9","110010"
"72797094240","2024-10-28","47.93695","-124.55757","56.4","QUILLAYUTE AIRPORT, WA US","  50.1","24","  47.0","24","1010.6","16","003.7","24","  8.7","24","  3.9","24","  9.9"," 24.1","  57.0"," ","  45.0"," "," 0.76","G","999.9","010000"
"72797094240","2024-10-29","47.93695","-124.55757","56.4","QUILLAYUTE AIRPORT, WA US","  47.0","24","  43.4","24","1017.5","14","010.1","24","  6.1","24","  2.1","24","  8.0","999.9","  57.9"," ","  37.0"," "," 0.25","G","999.9","110000"
"72797094240","2024-10-30","47.93695","-124.55757","56.4","QUILLAYUTE AIRPORT, WA US","  49.0","24","  43.2","24","1010.8","18","002.3","24","  8.3","24","  7.2","24"," 14.0"," 27.0","  57.9"," ","  37.0"," "," 0.00","G","999.9","010000"
"72797094240","2024-10-31","47.93695","-124.55757","56.4","QUILLAYUTE AIRPORT, WA US","  45.8","24","  42.7","24","1009.1","22","001.8","24","  9.1","24","  4.1","24","  8.9"," 17.1","  52.0"," ","  43.0"," "," 1.84","G","999.9","010000"
"72797094240","2024-11-01","47.93695","-124.55757","56.4","QUILLAYUTE AIRPORT, WA US","  48.3","24","  45.6","24","1002.6","13","995.1","24","  9.1","24","  3.6","24","  6.0","999.9","  53.6","*","  46.4","*"," 0.31","G","999.9","010000"
"72797094240","2024-11-02","47.93695","-124.55757","56.4","QUILLAYUTE AIRPORT, WA US","  47.3","24","  45.5","24","1006.3","12","998.7","24","  6.7","24","  2.2","24","  9.9"," 15.9","  53.1"," ","  42.1"," "," 0.29","G","999.9","110000"
"72797094240","2024-11-03","47.93695","-124.55757","56.4","QUILLAYUTE AIRPORT, WA US","  48.4","24","  45.8","24","1018.1","13","009.4","24","  8.4","24","  1.4","24","  5.1","999.9","  55.0"," ","  42.1"," "," 0.18","G","999.9","010000"
"72797094240","2024-11-04","47.93695","-124.55757","56.4","QUILLAYUTE AIRPORT, WA US","  51.8","24","  47.5","24","1019.9","16","010.4","24","  6.7","24","  9.0","24"," 28.9"," 53.0","  55.9","*","  48.9","*"," 0.42","G","999.9","010000"
"72797094240","2024-11-05","47.93695","-124.55757","56.4","QUILLAYUTE AIRPORT, WA US","  50.1","24","  42.8","24","1024.9","22","017.2","24"," 10.0","24","  4.6","24"," 14.0"," 26.0","  55.9"," ","  46.0"," "," 1.50","G","999.9","010000"
"72797094240","2024-11-06","47.93695","-124.55757","56.4","QUILLAYUTE AIRPORT, WA US","  48.6","24","  42.0","20","1028.4","24","020.8","24"," 10.0","24","  3.1","24","  6.0","999.9","  59.0"," ","  45.0"," "," 0.02","G","999.9","000000"
"72797094240","2024-11-07","47.93695","-124.55757","56.4","QUILLAYUTE AIRPORT, WA US","  47.9","24","  42.4","24","1023.7","24","016.3","24","  9.9","24","  1.0","24","  4.1","999.9","  60.1"," ","  37.9"," "," 0.00","G","999.9","000000"
"72797094240","2024-11-08","47.93695","-124.55757","56.4","QUILLAYUTE AIRPORT, WA US","  48.4","24","  43.6","24","1020.3","19","012.6","24","  9.7","24","  2.5","24"," 11.1"," 17.1","  60.1"," ","  37.9"," "," 0.00","G","999.9","000000"
"72797094240","2024-11-09","47.93695","-124.55757","56.4","QUILLAYUTE AIRPORT, WA US","  52.0","24","  49.6","24","1014.6","12","007.0","24","  5.7","24","  2.2","24","  7.0","999.9","  59.0"," ","  39.9"," "," 0.49","G","999.9","010000"
"72797094240","2024-11-10","47.93695","-124.55757","56.4","QUILLAYUTE AIRPORT, WA US","  50.6","24","  48.1","24","1012.1","13","005.4","24","  7.7","24","  3.6","24"," 11.1"," 19.0","  57.0"," ","  45.0"," "," 0.30","G","999.9","110000"
"72797094240","2024-11-11","47.93695","-124.55757","56.4","QUILLAYUTE AIRPORT, WA US","  52.2","24","  49.3","24","1000.8","14","993.2","24","  8.2","24","  6.3","24"," 20.0"," 28.9","  57.0"," ","  45.0"," "," 0.74","G","999.9","010000"
"72797094240","2024-11-12","47.93695","-124.55757","56.4","QUILLAYUTE AIRPORT, WA US","  49.9","24","  47.4","24","1008.7","13","001.4","24","  8.7","24","  5.7","24"," 17.1"," 24.1","  55.0"," ","  45.0"," "," 0.60","G","999.9","010000"
"72797094240","2024-11-13","47.93695","-124.55757","56.4","QUILLAYUTE AIRPORT, WA US","  52.6","24","  49.8","24"," 997.8","11","991.1","24","  5.9","24"," 10.5","24"," 15.9"," 39.0","  55.0"," ","  45.0"," "," 2.12","G","999.9","010000"
"72797094240","2024-11-14","47.93695","-124.55757","56.4","QUILLAYUTE AIRPORT, WA US","  50.7","15","  45.5","14","1003.8"," 5","999.6","15","  9.3","15","  3.7","15","  9.9"," 26.0","  55.0"," ","  45.0"," "," 0.74","G","999.9","010000"
"72797094240","2024-11-15","47.93695","-124.55757","56.4","QUILLAYUTE AIRPORT, WA US","  40.0","24","  37.0","24","1018.6","11","010.4","24","  6.2","24","  2.0","24","  8.9","999.9","  52.0"," ","  32.0"," "," 0.11","G","999.9","110000"
"72797094240","2024-11-16","47.93695","-124.55757","56.4","QUILLAYUTE AIRPORT, WA US","  42.6","24","  39.4","24","1016.4","21","008.2","24","  8.7","24","  7.1","24"," 17.1"," 34.0","  52.0"," ","  32.0"," "," 0.01","G","999.9","010000"
"72797094240","2024-11-17","47.93695","-124.55757","56.4","QUILLAYUTE AIRPORT, WA US","  48.0","24","  44.9","24","1002.6","11","995.1","24","  6.8","24","  6.0","24"," 18.1"," 28.9","  53.1"," ","  37.9"," "," 1.10","G","999.9","010000"
"72797094240","2024-11-18","47.93695","-124.55757","56.4","QUILLAYUTE AIRPORT, WA US","  41.1","21","  38.0","21","1008.2","15","001.3","21","  9.8","21","  4.5","20"," 11.1"," 17.1","  45.0","*","  37.9","*"," 0.57","G","999.9","010000"
"72797094240","2024-11-19","47.93695","-124.55757","56.4","QUILLAYUTE AIRPORT, WA US","  38.1","24","  35.8","24","1008.3","23","001.7","24","  9.3","24","  5.0","24"," 12.0"," 19.0","  44.1","*","  35.1","*"," 0.31","G","999.9","010000"
"72797094240","2024-11-20","47.93695","-124.55757","56.4","QUILLAYUTE AIRPORT, WA US","  45.8","24","  40.4","24"," 996.0","23","989.0","24","  8.8","24"," 12.5","22"," 20.0"," 36.9","  48.0","*","  39.9","*"," 0.51","G","999.9","010010"
"72797094240","2024-11-21","47.93695","-124.55757","56.4","QUILLAYUTE AIRPORT, WA US","  45.1","24","  40.9","24","1009.4","22","001.2","24","  9.9","24","  4.8","24"," 12.0"," 27.0","  48.2","*","  41.0","*"," 0.79","G","999.9","010010"
"72797094240","2024-11-22","47.93695","-124.55757","56.4","QUILLAYUTE AIRPORT, WA US","  47.6","24","  43.2","24","1002.0","20","998.8","13","  8.9","24","  9.4","24"," 18.1"," 44.1","  53.1"," ","  39.0"," "," 0.04","G","999.9","010000"
"72797094240","2024-11-23","47.93695","-124.55757","56.4","QUILLAYUTE AIRPORT, WA US","  48.5","24","  44.5","24","1002.1","19","995.2","18","  9.2","24","  8.6","24"," 19.0"," 40.0","  53.1"," ","  44.1"," "," 0.70","G","999.9","010000"
"72797094240","2024-11-24","47.93695","-124.55757","56.4","QUILLAYUTE AIRPORT, WA US","  44.8","24","  41.4","24","1007.4","16","000.0","24","  9.6","24","  4.1","24","  7.0"," 17.1","  52.0"," ","  42.1"," "," 0.38","G","999.9","010000"
"72797094240","2024-11-25","47.93695","-124.55757","56.4","QUILLAYUTE AIRPORT, WA US","  44.8","24","  41.4","24","1011.5","21","004.0","24","  9.6","24","  3.3","24","  7.0","999.9","  48.9"," ","  42.1"," "," 0.06","G","999.9","010000"
"72797094240","2024-11-26","47.93695","-124.55757","56.4","QUILLAYUTE AIRPORT, WA US","  44.3","24","  40.7","24","1018.1","15","010.4","24","  8.9","24","  1.8","24","  7.0","999.9","  51.1"," ","  41.0"," "," 0.01","G","999.9","010000"
"72797094240","2024-11-27","47.93695","-124.55757","56.4","QUILLAYUTE AIRPORT, WA US","  43.5","24","  40.6","24","1026.7","20","019.2","24","  8.8","24","  1.1","20","  4.1","999.9","  51.1"," ","  39.0"," "," 0.03","G","999.9","010000"
"72797094240","2024-11-28","47.93695","-124.55757","56.4","QUILLAYUTE AIRPORT, WA US","  40.6","24","  37.0","24","1026.8","22","019.4","24"," 10.0","24","  2.4","24","  8.0","999.9","  48.9"," ","  35.1"," "," 0.04","G","999.9","010000"
"72797094240","2024-11-29","47.93695","-124.55757","56.4","QUILLAYUTE AIRPORT, WA US","  41.1","24","  38.5","24","1023.9","20","016.3","24","  9.2","24","  2.2","24","  5.1","999.9","  48.9"," ","  35.1"," "," 0.00","G","999.9","010000"
"72797094240","2024-11-30","47.93695","-124.55757","56.4","QUILLAYUTE AIRPORT, WA US","  44.2","24","  41.8","22","1024.5","17","017.0","24","  9.3","24","  0.7","24","  5.1","999.9","  48.9","*","  42.1","*"," 0.10","G","999.9","010000"
"72797094240","2024-12-01","47.93695","-124.55757","56.4","QUILLAYUTE AIRPORT, WA US","  40.1","24","  37.5","23","1023.5","13","016.4","24","  6.3","24","  1.1","24","  4.1","999.9","  50.0","*","  30.9","*"," 0.00","G","999.9","100000"
"72797094240","2024-12-02","47.93695","-124.55757","56.4","QUILLAYUTE AIRPORT, WA US","  35.6","24","  33.5","24","1025.1","19","017.4","24","  6.5","24","  1.0","24","  4.1","999.9","  51.1"," ","  27.0"," "," 0.00","G","999.9","100000"
"72797094240","2024-12-03","47.93695","-124.55757","56.4","QUILLAYUTE AIRPORT, WA US","  36.5","24","  33.3","24","1025.7","19","018.3","24","  7.6","24","  1.2","21","  4.1","999.9","  52.0"," ","  27.0"," "," 0.00","G","999.9","100000"
"72797094240","2024-12-04","47.93695","-124.55757","56.4","QUILLAYUTE AIRPORT, WA US","  37.9","24","  33.4","24","1024.5","22","017.1","24","  8.9","24","  1.3","22","  5.1","999.9","  55.9"," ","  28.9"," "," 0.00","G","999.9","000000"
"72797094240","2024-12-05","47.93695","-124.55757","56.4","QUILLAYUTE AIRPORT, WA US","  40.6","24","  36.7","24","1023.9","24","016.5","23","  9.8","24","  3.6","24","  7.0","999.9","  55.9"," ","  28.9"," "," 0.00","G","999.9","010000"
"72797094240","2024-12-06","47.93695","-124.55757","56.4","QUILLAYUTE AIRPORT, WA US","  50.4","10","  44.2","10","9999.9"," 0","016.2","10","  7.6","10","  5.1","10","  9.9"," 24.1","  57.9","*","  46.0","*"," 0.01","G","999.9","010000"
"72797094240","2024-12-07","47.93695","-124.55757","56.4","QUILLAYUTE AIRPORT, WA US","  51.9","24","  49.3","24","1016.4"," 5","008.7","24","  3.9","24","  8.4","24"," 15.0"," 28.9","  55.0","*","  48.9","*"," 2.47","G","999.9","010000"
"72797094240","2024-12-08","47.93695","-124.55757","56.4","QUILLAYUTE AIRPORT, WA US","  47.4"," 7","  42.9"," 7","1018.7"," 5","011.3"," 7","  9.3"," 7","  6.9"," 7"," 22.9"," 33.0","  48.9","*","  46.0","*"," 1.33","G","999.9","010000"
